country,year,"GNI per capita, Atlas method (current US$)","Population, total",Surface area (sq. km),Population living in slums (% of urban population),hie,near_2_plus_oceans,border_count,size
Albania,2000,1130.0,3089027.0,28750.0,28.1,False,False,4.0,small
Angola,2000,360.0,16194869.0,1246700.0,19.7,False,False,4.0,large
Argentina,2000,7400.0,37213984.0,2780400.0,20.29188,False,True,5.0,large
Armenia,2000,630.0,3221100.0,29740.0,12.79599,False,False,4.0,small
Aruba,2000,20060.0,90588.0,180.0,0.0,True,False,0.0,small
Australia,2000,21340.0,19028802.0,7741220.0,0.165,True,True,0.0,large
Austria,2000,26660.0,8011566.0,83879.0,4.5,True,False,8.0,medium
Azerbaijan,2000,630.0,8048600.0,86600.0,50.94,False,False,5.0,medium
Bangladesh,2000,410.0,134544304.0,148460.0,58.31077,False,False,2.0,medium
Belgium,2000,25890.0,10251250.0,30528.0,0.0,True,False,4.0,medium
Belize,2000,4470.0,240799.0,22970.0,15.8,False,False,2.0,small
Benin,2000,450.0,7221619.0,114760.0,71.86569,False,False,4.0,medium
Bhutan,2000,710.0,596863.0,40077.0,57.60128,False,False,2.0,small
Bolivia,2000,960.0,8606326.0,1098580.0,57.94489,False,False,5.0,large
Bosnia And Herzegovina,2000,1340.0,4159771.0,51210.0,5.1,False,False,3.0,medium
Botswana,2000,3110.0,1677382.0,581730.0,58.69239,False,False,4.0,small
Brazil,2000,3950.0,174018282.0,8515770.0,34.73978,False,False,10.0,large
Brunei,2000,19390.0,326424.0,5770.0,37.41056,True,False,1.0,small
Bulgaria,2000,1660.0,8170172.0,110990.0,0.05,False,False,5.0,medium
Burkina Faso,2000,260.0,11925546.0,274220.0,82.21152,False,False,6.0,medium
Burundi,2000,130.0,6470194.0,27830.0,79.7,False,False,3.0,medium
Cabo Verde,2000,1330.0,453317.0,4030.0,70.86701,False,False,0.0,small
Cambodia,2000,290.0,12462336.0,181040.0,84.8,False,False,3.0,medium
Cameroon,2000,730.0,14912631.0,475440.0,65.3638,False,False,6.0,large
Canada,2000,22740.0,30685730.0,15640500.0,0.25,True,True,1.0,large
Central African Republic,2000,240.0,3833416.0,622980.0,85.96516,False,False,6.0,small
Chad,2000,180.0,8512093.0,1284000.0,91.58375,False,False,6.0,large
Chile,2000,5030.0,15503635.0,756096.0,14.616,False,True,3.0,large
Colombia,2000,2370.0,39089934.0,1141750.0,21.17683,False,True,5.0,large
Comoros,2000,670.0,536080.0,1861.0,64.49449,False,False,0.0,small
Costa Rica,2000,3590.0,3937739.0,51100.0,12.69593,False,True,2.0,small
Cote D'Ivoire,2000,610.0,17699004.0,322460.0,67.07658,False,False,5.0,medium
Croatia,2000,5310.0,4468302.0,56540.0,0.4,False,False,5.0,medium
Cuba,2000,2620.0,11109109.0,109890.0,2.15371,False,False,0.0,medium
Cyprus,2000,14180.0,947667.0,9250.0,0.2,True,False,0.0,small
Czechia,2000,6380.0,10255063.0,78870.0,0.05,False,False,4.0,medium
Denmark,2000,32560.0,5339616.0,42920.0,0.0,True,False,1.0,medium
Dominican Republic,2000,2650.0,8584190.0,48670.0,30.15546,False,False,1.0,medium
Ecuador,2000,1500.0,12689206.0,256370.0,57.41273,False,False,2.0,medium
Egypt,2000,1330.0,73083284.0,1001450.0,42.22616,False,True,4.0,large
El Salvador,2000,1890.0,5943366.0,21040.0,1.9036,False,False,2.0,medium
Equatorial Guinea,2000,660.0,703279.0,28050.0,52.91641,False,False,2.0,small
Eritrea,2000,310.0,2247031.0,117600.0,76.73784,False,False,3.0,small
Estonia,2000,4170.0,1396985.0,45230.0,0.05,False,False,2.0,small
Eswatini,2000,1600.0,1041414.0,17360.0,55.35217,False,False,2.0,small
Ethiopia,2000,120.0,67411494.0,1104300.0,92.17158,False,False,6.0,large
Fiji,2000,2150.0,840909.0,18270.0,2.2181,False,False,0.0,small
Finland,2000,26470.0,5176209.0,338150.0,0.0,True,False,3.0,medium
France,2000,24950.0,60918661.0,549087.0,0.0,True,False,8.0,large
Gabon,2000,2980.0,1275572.0,267670.0,57.43,False,False,3.0,small
Gambia,2000,560.0,1455084.0,11300.0,56.92053,False,False,1.0,small
Georgia,2000,790.0,4077131.0,69700.0,13.6,False,False,4.0,small
Germany,2000,26380.0,82211508.0,357030.0,0.0,True,False,9.0,medium
Ghana,2000,330.0,19637087.0,238540.0,60.36841,False,False,3.0,medium
Greece,2000,13100.0,10805808.0,131960.0,0.25,True,False,4.0,medium
Guatemala,2000,1660.0,11697592.0,108890.0,55.49609,False,True,4.0,medium
Guinea,2000,580.0,8428832.0,245860.0,40.66534,False,False,6.0,medium
Guyana,2000,870.0,764832.0,214970.0,26.1,False,False,3.0,small
Haiti,2000,560.0,8303151.0,27750.0,61.2833,False,False,1.0,medium
Honduras,2000,1060.0,6577773.0,112490.0,44.4,False,True,3.0,medium
Hungary,2000,4630.0,10210971.0,93030.0,15.4,False,False,7.0,medium
Iceland,2000,31750.0,281205.0,103000.0,0.0,True,True,0.0,small
Indonesia,2000,570.0,216077790.0,1910930.0,35.12568,False,True,3.0,large
Iran,2000,1750.0,66418659.0,1745150.0,57.60128,False,False,7.0,large
Iraq,2000,1530.0,24424056.0,438320.0,33.89419,False,False,6.0,large
Ireland,2000,24130.0,3805174.0,70280.0,6.2,True,False,1.0,small
Italy,2000,21980.0,56942108.0,302069.0,0.02,True,False,6.0,medium
Kazakhstan,2000,1220.0,15501103.0,2724902.0,24.45811,False,False,5.0,large
Kenya,2000,430.0,30642890.0,580370.0,63.18451,False,False,5.0,large
Kiribati,2000,1370.0,88613.0,810.0,18.1,False,False,0.0,small
Kuwait,2000,18810.0,1954709.0,17820.0,0.0,True,False,2.0,small
Kyrgyzstan,2000,280.0,4898362.0,199950.0,47.15842,False,False,4.0,medium
Laos,2000,280.0,5431212.0,236800.0,54.4,False,False,5.0,medium
Latvia,2000,3240.0,2367550.0,64594.0,2.85,False,False,4.0,small
Lesotho,2000,590.0,2003913.0,30360.0,62.72729,False,False,1.0,small
Libya,2000,5930.0,5305021.0,1759540.0,39.14517,False,False,6.0,large
Lithuania,2000,3220.0,3499536.0,65300.0,4.15,False,False,4.0,small
Luxembourg,2000,45690.0,436300.0,2590.0,0.0,True,False,3.0,small
Madagascar,2000,280.0,16516338.0,587040.0,91.43569,False,False,0.0,large
Malawi,2000,230.0,11315942.0,118480.0,81.41073,False,False,3.0,medium
Mali,2000,280.0,11559290.0,1240190.0,83.87627,False,False,7.0,large
Malta,2000,11480.0,390087.0,320.0,0.0375,True,False,0.0,small
Mauritania,2000,730.0,2613441.0,1030700.0,84.69319,False,False,4.0,small
Mauritius,2000,3960.0,1186873.0,2040.0,76.73784,False,False,0.0,small
Mexico,2000,6570.0,98625552.0,1964380.0,32.16297,False,True,3.0,large
Moldova,2000,490.0,2924668.0,33840.0,26.5,False,False,2.0,small
Mongolia,2000,470.0,2388299.0,1564120.0,57.60411,False,False,2.0,small
Montenegro,2000,1510.0,604950.0,13810.0,19.1,False,False,4.0,small
Morocco,2000,1580.0,28423435.0,446550.0,33.15472,False,False,3.0,large
Mozambique,2000,330.0,18129653.0,799380.0,90.09549,False,False,6.0,large
Myanmar,2000,190.0,45290841.0,676590.0,29.39935,False,False,5.0,large
Namibia,2000,2210.0,1818647.0,824290.0,42.55683,False,False,4.0,small
Nauru,2000,3050.0,10168.0,20.0,3.6,False,False,0.0,small
Nepal,2000,220.0,24546509.0,147180.0,66.31029,False,False,2.0,medium
Netherlands,2000,28140.0,15925513.0,41530.0,0.0,True,False,2.0,medium
New Zealand,2000,14070.0,3857700.0,267710.0,0.0,True,False,0.0,small
Nicaragua,2000,970.0,5022633.0,130370.0,71.59811,False,True,2.0,medium
Niger,2000,220.0,11509630.0,1267000.0,70.03805,False,False,7.0,large
North Macedonia,2000,1920.0,2026350.0,25710.0,1.3,False,False,4.0,small
Norway,2000,36600.0,4490967.0,385178.0,0.0,True,True,3.0,medium
Oman,2000,8070.0,2282131.0,309500.0,4.25,False,False,3.0,small
Pakistan,2000,470.0,154879127.0,796100.0,71.22167,False,False,4.0,large
Palau,2000,6860.0,19178.0,460.0,2.15,False,False,0.0,small
Panama,2000,3810.0,3010369.0,75420.0,48.67615,False,True,2.0,small
Papua New Guinea,2000,600.0,5537064.0,462840.0,19.75,False,False,1.0,medium
Paraguay,2000,1500.0,5100868.0,406750.0,42.02714,False,False,3.0,medium
Peru,2000,1960.0,26598331.0,1285220.0,47.41309,False,False,5.0,large
Philippines,2000,1150.0,79625397.0,300000.0,49.97359,False,False,0.0,medium
Poland,2000,4690.0,38258629.0,312690.0,2.1,False,False,7.0,medium
Portugal,2000,12180.0,10289898.0,92120.0,1.25,True,False,1.0,medium
Romania,2000,1710.0,22442971.0,238390.0,0.0,False,False,5.0,medium
Russia,2000,1710.0,146596869.0,17098240.0,3.65,False,True,14.0,large
Rwanda,2000,270.0,8213931.0,26340.0,71.42051,False,False,4.0,medium
Samoa,2000,1410.0,181685.0,2840.0,4.55,False,False,0.0,small
Senegal,2000,650.0,9968260.0,196710.0,67.15485,False,False,5.0,medium
Serbia,2000,1720.0,7516346.0,88360.0,0.65,False,False,8.0,medium
Seychelles,2000,7920.0,81131.0,460.0,76.73784,False,False,0.0,small
Sierra Leone,2000,150.0,4423611.0,72300.0,73.9,False,False,2.0,medium
Singapore,2000,23680.0,4027887.0,680.0,0.0,True,False,0.0,small
Slovakia,2000,5520.0,5388720.0,49030.0,0.05,False,False,5.0,medium
Solomon Islands,2000,920.0,440469.0,28900.0,10.4,False,False,0.0,small
Somalia,2000,370.0,8838713.0,637660.0,76.73784,False,False,3.0,large
South Africa,2000,3260.0,47159719.0,1219090.0,27.60971,False,True,6.0,large
Sri Lanka,2000,860.0,19293054.0,65610.0,57.60128,False,False,0.0,medium
St. Lucia,2000,5500.0,158616.0,620.0,4.85,False,False,0.0,small
Sudan,2000,330.0,27816745.0,2505810.0,21.7636,False,False,7.0,large
Suriname,2000,1950.0,476643.0,163820.0,7.43018,False,False,3.0,small
Sweden,2000,31600.0,8872109.0,447420.11,0.3,True,False,2.0,large
Switzerland,2000,44580.0,7184250.0,41290.7,0.0,True,False,5.0,medium
Syria,2000,890.0,16637888.0,185180.0,30.70216,False,False,5.0,medium
Tanzania,2000,400.0,34260139.0,947300.0,81.32802,False,False,8.0,large
Togo,2000,420.0,5140037.0,56790.0,69.27204,False,False,3.0,medium
Tonga,2000,2010.0,102677.0,750.0,1.8,False,False,0.0,small
Trinidad And Tobago,2000,5180.0,1319774.0,5130.0,11.06,False,False,0.0,small
Turkiye,2000,4180.0,65425961.0,785350.0,24.58136,False,False,8.0,large
Turkmenistan,2000,590.0,4582677.0,488100.0,10.5,False,False,4.0,medium
Tuvalu,2000,2330.0,9544.0,30.0,2.1777,False,False,0.0,small
Uganda,2000,270.0,24000150.0,241550.0,80.90118,False,False,5.0,medium
Ukraine,2000,680.0,49556660.0,603550.0,5.0,False,False,7.0,large
United Arab Emirates,2000,28170.0,3493575.0,98647.9,0.7025,True,False,2.0,small
United Kingdom,2000,29550.0,58892514.0,243610.0,0.1,True,False,1.0,medium
United States,2000,35960.0,282162411.0,9632030.0,0.2,True,False,0.0,large
Uruguay,2000,7180.0,3266206.0,176220.0,23.7,False,False,2.0,small
Uzbekistan,2000,620.0,24787054.0,444103.0,29.45579,False,False,5.0,large
Vanuatu,2000,1420.0,186281.0,12190.0,4.55,False,False,0.0,small
Venezuela,2000,4070.0,24526708.0,912050.0,27.82014,False,False,3.0,large
Vietnam,2000,390.0,77154011.0,329240.0,45.31667,False,False,3.0,medium
Yemen,2000,380.0,19624141.0,527970.0,63.81216,False,False,2.0,large
Zambia,2000,350.0,10017631.0,752610.0,63.78455,False,False,8.0,large
Zimbabwe,2000,350.0,11892055.0,390760.0,27.52175,False,False,4.0,large
Albania,2002,1420.0,3051010.0,28750.0,25.5,False,False,4.0,small
Angola,2002,620.0,17327699.0,1246700.0,19.7,False,False,4.0,large
Argentina,2002,4010.0,38029349.0,2780400.0,19.56624,False,True,5.0,large
Armenia,2002,760.0,3199800.0,29740.0,12.30696,False,False,4.0,small
Aruba,2002,19220.0,92074.0,180.0,0.0,True,False,0.0,small
Australia,2002,20240.0,19495210.0,7741220.0,0.165,True,True,0.0,large
Austria,2002,24860.0,8081957.0,83879.0,4.4,True,False,8.0,medium
Azerbaijan,2002,740.0,8171950.0,86600.0,44.93667,False,False,5.0,medium
Bangladesh,2002,420.0,138933658.0,148460.0,57.66662,False,False,2.0,large
Belgium,2002,24060.0,10332785.0,30528.0,0.0,True,False,4.0,medium
Belize,2002,4550.0,256009.0,22970.0,15.76133,False,False,2.0,small
Benin,2002,510.0,7675426.0,114760.0,71.47241,False,False,4.0,medium
Bhutan,2002,860.0,624409.0,40077.0,56.79227,False,False,2.0,small
Bolivia,2002,900.0,8900355.0,1098580.0,55.68105,False,False,5.0,medium
Bosnia And Herzegovina,2002,1590.0,4188002.0,51210.0,5.1,False,False,3.0,small
Botswana,2002,2860.0,1744763.0,581730.0,56.56976,False,False,4.0,small
Brazil,2002,3120.0,178503484.0,8515770.0,31.43266,False,False,10.0,large
Brunei,2002,18960.0,340099.0,5770.0,35.7893,True,False,1.0,small
Bulgaria,2002,1970.0,7837161.0,110990.0,0.1,False,False,5.0,medium
Burkina Faso,2002,260.0,12680897.0,274220.0,76.64539,False,False,6.0,medium
Burundi,2002,130.0,6824132.0,27830.0,79.7,False,False,3.0,medium
Cabo Verde,2002,1230.0,467046.0,4030.0,68.62824,False,False,0.0,small
Cambodia,2002,320.0,12855241.0,181040.0,79.2,False,False,3.0,medium
Cameroon,2002,700.0,15725528.0,475440.0,62.0946,False,False,6.0,large
Canada,2002,23590.0,31359199.0,15640500.0,0.25,True,True,1.0,large
Central African Republic,2002,240.0,4006077.0,622980.0,83.12315,False,False,6.0,small
Chad,2002,190.0,9116192.0,1284000.0,90.45647,False,False,6.0,medium
Chile,2002,4520.0,15857925.0,756096.0,10.97,False,True,3.0,large
Colombia,2002,2410.0,40324680.0,1141750.0,19.83238,False,True,5.0,large
Comoros,2002,700.0,558923.0,1861.0,65.08643,False,False,0.0,small
Congo Dem. Rep,2002,180.0,53750524.0,2344860.0,71.91424,False,False,9.0,large
Costa Rica,2002,3790.0,4075705.0,51100.0,11.78091,False,True,2.0,small
Cote D'Ivoire,2002,530.0,18654771.0,322460.0,65.53594,False,False,5.0,large
Croatia,2002,5650.0,4302174.0,56540.0,0.4,False,False,5.0,small
Cuba,2002,2830.0,11177418.0,109890.0,2.15371,False,False,0.0,medium
Cyprus,2002,14510.0,981440.0,9250.0,0.2,True,False,0.0,small
Czechia,2002,6680.0,10196916.0,78870.0,0.05,False,False,4.0,medium
Denmark,2002,30870.0,5375931.0,42920.0,0.0,True,False,1.0,medium
Dominican Republic,2002,2850.0,8852235.0,48670.0,27.79214,False,False,1.0,medium
Ecuador,2002,1650.0,13138472.0,256370.0,57.84727,False,False,2.0,medium
Egypt,2002,1250.0,76239137.0,1001450.0,36.71599,False,True,4.0,large
El Salvador,2002,1990.0,5986631.0,21040.0,49.5,False,False,2.0,medium
Equatorial Guinea,2002,1050.0,797957.0,28050.0,60.09282,False,False,2.0,small
Eritrea,2002,310.0,2392978.0,117600.0,74.76156,False,False,3.0,small
Estonia,2002,4620.0,1379350.0,45230.0,0.05,False,False,2.0,small
Eswatini,2002,1470.0,1059441.0,17360.0,55.35217,False,False,2.0,small
Ethiopia,2002,120.0,71635517.0,1104300.0,89.07633,False,False,6.0,large
Fiji,2002,2050.0,858049.0,18270.0,15.0,False,False,0.0,small
Finland,2002,25610.0,5200598.0,338150.0,0.0,True,False,3.0,medium
France,2002,23040.0,61812142.0,549087.0,0.0,True,False,8.0,large
Gabon,2002,3460.0,1345135.0,267670.0,55.55895,False,False,3.0,small
Gambia,2002,410.0,1535691.0,11300.0,55.11779,False,False,1.0,small
Georgia,2002,840.0,3978515.0,69700.0,13.6,False,False,4.0,small
Germany,2002,23920.0,82488495.0,357040.0,0.0,True,False,9.0,large
Ghana,2002,270.0,20729388.0,238540.0,57.00822,False,False,3.0,large
Greece,2002,12980.0,10902022.0,131960.0,0.25,True,False,4.0,medium
Guatemala,2002,1590.0,12246915.0,108890.0,53.25944,False,True,4.0,medium
Guinea,2002,500.0,8674066.0,245860.0,41.49952,False,False,6.0,medium
Guyana,2002,870.0,763652.0,214970.0,26.1,False,False,3.0,small
Haiti,2002,740.0,8607641.0,27750.0,59.97767,False,False,1.0,medium
Honduras,2002,1070.0,6938859.0,112490.0,44.4,False,True,3.0,medium
Hungary,2002,5300.0,10158608.0,93030.0,14.2,False,False,7.0,medium
Iceland,2002,30750.0,287523.0,103000.0,0.0,True,True,0.0,small
Indonesia,2002,780.0,222088495.0,1910930.0,33.47149,False,True,3.0,large
Iran,2002,1880.0,68011317.0,1745150.0,56.79227,False,False,7.0,large
Iraq,2002,1330.0,26006559.0,438320.0,35.43867,False,False,6.0,large
Ireland,2002,24920.0,3931947.0,70280.0,6.4,True,False,1.0,small
Italy,2002,20830.0,57089824.0,302069.0,0.02,True,False,6.0,large
Kazakhstan,2002,1450.0,15656677.0,2724902.0,21.67406,False,False,5.0,large
Kenya,2002,390.0,32629808.0,580370.0,61.63811,False,False,5.0,large
Kiribati,2002,1220.0,92264.0,810.0,16.8,False,False,0.0,small
Kuwait,2002,19640.0,2059974.0,17820.0,0.0,True,False,2.0,small
Kyrgyzstan,2002,290.0,4990704.0,199950.0,42.68651,False,False,4.0,medium
Laos,2002,310.0,5610889.0,236800.0,51.0,False,False,5.0,medium
Latvia,2002,3850.0,2310173.0,64594.0,2.75,False,False,4.0,small
Lebanon,2002,3940.0,4463504.0,10450.0,92.4,False,False,2.0,small
Lesotho,2002,600.0,1994679.0,30360.0,62.72729,False,False,1.0,small
Liberia,2002,250.0,3094782.0,111370.0,75.48823,False,False,3.0,small
Libya,2002,5190.0,5508410.0,1759540.0,45.26156,False,False,6.0,medium
Lithuania,2002,3830.0,3443067.0,65300.0,3.7,False,False,4.0,small
Luxembourg,2002,42520.0,446175.0,2590.0,0.0,True,False,3.0,small
Madagascar,2002,260.0,17549913.0,587040.0,89.03413,False,False,0.0,large
Malawi,2002,250.0,11880440.0,118480.0,77.89671,False,False,3.0,medium
Mali,2002,280.0,12288050.0,1240190.0,79.68152,False,False,7.0,medium
Malta,2002,10770.0,395969.0,320.0,0.0375,True,False,0.0,small
Marshall Islands,2002,3100.0,51425.0,180.0,2.2,False,False,0.0,small
Mauritania,2002,660.0,2738655.0,1030700.0,81.3166,False,False,4.0,small
Mauritius,2002,4010.0,1204621.0,2040.0,74.76156,False,False,0.0,small
Mexico,2002,7490.0,101548624.0,1964380.0,30.44793,False,True,3.0,large
Moldova,2002,590.0,2911385.0,33840.0,23.7,False,False,2.0,small
Mongolia,2002,530.0,2449027.0,1564120.0,53.63156,False,False,2.0,small
Montenegro,2002,1970.0,609828.0,13810.0,19.1,False,False,4.0,small
Morocco,2002,1550.0,29198142.0,446550.0,30.36674,False,False,3.0,large
Mozambique,2002,300.0,18958338.0,799380.0,86.58183,False,False,6.0,large
Myanmar,2002,170.0,46232653.0,676590.0,32.60843,False,False,5.0,large
Namibia,2002,1970.0,1889970.0,824290.0,42.4078,False,False,4.0,small
Nauru,2002,2500.0,10082.0,20.0,3.15,False,False,0.0,small
Nepal,2002,230.0,25328981.0,147180.0,63.41828,False,False,2.0,large
Netherlands,2002,26440.0,16148929.0,41530.0,0.0,True,False,2.0,large
New Zealand,2002,14170.0,3948500.0,267710.0,0.0,True,False,0.0,small
Nicaragua,2002,980.0,5149909.0,130370.0,70.33595,False,True,2.0,medium
Niger,2002,220.0,12349144.0,1267000.0,70.09604,False,False,7.0,medium
North Macedonia,2002,1850.0,2020157.0,25710.0,1.3,False,False,4.0,small
Norway,2002,39930.0,4538159.0,385178.0,0.0,True,True,3.0,medium
Oman,2002,9210.0,2337140.0,309500.0,4.0,True,False,3.0,small
Pakistan,2002,600.0,163222549.0,796100.0,69.69687,False,False,4.0,large
Palau,2002,7740.0,19503.0,460.0,1.95,False,False,0.0,small
Panama,2002,3890.0,3129344.0,75420.0,44.36462,False,True,2.0,small
Papua New Guinea,2002,490.0,5924003.0,462840.0,19.75,False,False,1.0,medium
Paraguay,2002,1400.0,5261328.0,406750.0,39.03,False,False,3.0,medium
Peru,2002,1940.0,27288217.0,1285220.0,45.56432,False,False,5.0,large
Philippines,2002,1110.0,83068889.0,300000.0,48.56749,False,False,0.0,large
Poland,2002,4890.0,38230364.0,312690.0,1.8,False,False,7.0,large
Portugal,2002,11780.0,10419631.0,92120.0,1.1,True,False,1.0,medium
Romania,2002,1950.0,21730496.0,238390.0,3.65,False,False,5.0,large
Russia,2002,2100.0,145306497.0,17098240.0,3.55,False,True,14.0,large
Rwanda,2002,260.0,8400180.0,26340.0,67.93933,False,False,4.0,medium
Samoa,2002,1420.0,184471.0,2840.0,4.55,False,False,0.0,small
Senegal,2002,610.0,10466214.0,196710.0,63.59985,False,False,5.0,medium
Serbia,2002,1610.0,7500031.0,88360.0,0.65,False,False,8.0,medium
Seychelles,2002,7330.0,83723.0,460.0,74.76156,False,False,0.0,small
Sierra Leone,2002,260.0,4971435.0,72300.0,73.9,False,False,2.0,medium
Singapore,2002,22000.0,4175950.0,685.0,0.0,True,False,0.0,small
Slovakia,2002,6020.0,5376912.0,49030.0,0.05,False,False,5.0,medium
Solomon Islands,2002,790.0,457671.0,28900.0,10.4,False,False,0.0,small
Somalia,2002,270.0,9550063.0,637660.0,74.76156,False,False,3.0,medium
South Africa,2002,2870.0,48019415.0,1219090.0,27.22887,False,True,6.0,large
Sri Lanka,2002,820.0,19805752.0,65610.0,56.79227,False,False,0.0,large
St. Lucia,2002,5280.0,161641.0,620.0,4.85,False,False,0.0,small
Sudan,2002,420.0,29228727.0,2505810.0,99.1,False,False,7.0,large
Suriname,2002,1870.0,496551.0,163820.0,8.26719,False,False,3.0,small
Sweden,2002,29130.0,8924958.0,447420.11,0.25,True,False,2.0,medium
Switzerland,2002,40640.0,7284753.0,41290.7,0.0,True,False,5.0,medium
Syria,2002,1060.0,17468332.0,185180.0,32.06623,False,False,5.0,large
Tanzania,2002,410.0,36121304.0,947300.0,77.07039,False,False,8.0,large
Togo,2002,410.0,5413274.0,56790.0,66.02873,False,False,3.0,medium
Tonga,2002,1890.0,103874.0,750.0,1.8,False,False,0.0,small
Trinidad And Tobago,2002,6480.0,1332011.0,5130.0,11.06,False,False,0.0,small
Turkiye,2002,3500.0,67048795.0,785350.0,23.18733,False,False,8.0,large
Turkmenistan,2002,720.0,4769465.0,488100.0,10.5,False,False,4.0,medium
Tuvalu,2002,3430.0,9623.0,30.0,4.25,False,False,0.0,small
Uganda,2002,250.0,25532870.0,241550.0,78.21228,False,False,5.0,large
Ukraine,2002,780.0,48677281.0,603550.0,5.0,False,False,7.0,large
United Arab Emirates,2002,27200.0,3956826.0,98647.9,0.95,True,False,2.0,small
United Kingdom,2002,29260.0,59370479.0,243610.0,0.1,True,False,1.0,large
United States,2002,37320.0,287625193.0,9632030.0,0.2,True,False,0.0,large
Uruguay,2002,5210.0,3278867.0,176220.0,23.7,False,False,2.0,small
Uzbekistan,2002,450.0,25399980.0,444103.0,26.73127,False,False,5.0,large
Vanuatu,2002,1210.0,195863.0,12190.0,4.55,False,False,0.0,small
Venezuela,2002,3940.0,25435671.0,912050.0,26.40689,False,False,3.0,large
Vietnam,2002,430.0,78772224.0,329300.0,40.37283,False,False,3.0,large
Yemen,2002,460.0,20835086.0,527970.0,61.19064,False,False,2.0,large
Zambia,2002,370.0,10647949.0,752610.0,62.23191,False,False,8.0,medium
Zimbabwe,2002,370.0,12087653.0,390760.0,26.92639,False,False,4.0,medium
Albania,2004,2170.0,3026939.0,28750.0,23.0,False,False,4.0,small
Angola,2004,1190.0,18600423.0,1246700.0,19.66039,False,False,4.0,large
Argentina,2004,3340.0,38815916.0,2780400.0,18.84059,False,True,5.0,large
Armenia,2004,1120.0,3164900.0,29740.0,11.81793,False,False,4.0,medium
Aruba,2004,23610.0,95138.0,180.0,0.0,True,False,0.0,small
Australia,2004,25890.0,19932722.0,7741220.0,0.145,True,True,0.0,large
Austria,2004,33610.0,8171966.0,83879.0,4.4,True,False,8.0,medium
Azerbaijan,2004,960.0,8306500.0,86600.0,38.93333,False,False,5.0,medium
Bangladesh,2004,490.0,142902856.0,148460.0,57.02246,False,False,2.0,large
Belgium,2004,32910.0,10421137.0,30528.0,0.0,True,False,4.0,medium
Belize,2004,5000.0,271688.0,22970.0,15.75733,False,False,2.0,small
Benin,2004,690.0,8159094.0,114760.0,71.07914,False,False,4.0,medium
Bhutan,2004,1090.0,650544.0,38394.0,55.97413,False,False,2.0,small
Bolivia,2004,940.0,9204287.0,1098580.0,53.41721,False,False,5.0,medium
Bosnia And Herzegovina,2004,2360.0,4140987.0,51210.0,5.1,False,False,3.0,medium
Botswana,2004,3830.0,1807146.0,581730.0,54.44714,False,False,4.0,small
Brazil,2004,3370.0,182675143.0,8515770.0,28.12555,False,False,10.0,large
Brunei,2004,22190.0,352911.0,5770.0,34.12692,True,False,1.0,small
Bulgaria,2004,3060.0,7716860.0,111000.0,0.1,False,False,5.0,medium
Burkina Faso,2004,370.0,13500533.0,274220.0,71.07927,False,False,6.0,large
Burundi,2004,120.0,7310656.0,27830.0,77.04306,False,False,3.0,medium
Cabo Verde,2004,1810.0,479370.0,4030.0,66.26286,False,False,0.0,small
Cambodia,2004,430.0,13244731.0,181040.0,73.6,False,False,3.0,large
Cameroon,2004,1030.0,16610487.0,475440.0,58.8254,False,False,6.0,large
Canada,2004,29530.0,31938807.0,15640500.0,0.25,True,True,1.0,large
Central African Republic,2004,290.0,4192826.0,622980.0,80.28114,False,False,6.0,medium
Chad,2004,330.0,9920036.0,1284000.0,89.32919,False,False,6.0,medium
Chile,2004,5200.0,16187322.0,756096.0,7.324,False,True,3.0,large
Colombia,2004,2650.0,41543171.0,1141750.0,18.48794,False,True,5.0,large
Comoros,2004,980.0,580704.0,1861.0,65.67836,False,False,0.0,small
Congo Dem. Rep,2004,180.0,56997741.0,2344860.0,71.91424,False,False,9.0,large
Costa Rica,2004,4400.0,4200078.0,51100.0,10.86589,False,True,2.0,medium
Cote D'Ivoire,2004,710.0,19595000.0,322460.0,63.9953,False,False,5.0,large
Croatia,2004,8570.0,4304600.0,56590.0,0.4,False,False,5.0,medium
Cuba,2004,3490.0,11238756.0,109890.0,2.15371,False,False,0.0,medium
Cyprus,2004,20260.0,1017875.0,9250.0,0.2,True,False,0.0,small
Czechia,2004,10280.0,10197101.0,78870.0,0.05,True,False,4.0,medium
Denmark,2004,42740.0,5404523.0,42920.0,0.0,True,False,1.0,medium
Dominican Republic,2004,2520.0,9104892.0,48670.0,25.42881,False,False,1.0,medium
Ecuador,2004,2410.0,13608701.0,256370.0,57.8,False,False,2.0,large
Egypt,2004,1120.0,79477443.0,1001450.0,31.20583,False,True,4.0,large
El Salvador,2004,2280.0,6004671.0,21040.0,49.5,False,False,2.0,medium
Equatorial Guinea,2004,1370.0,899917.0,28050.0,58.82956,False,False,2.0,small
Eritrea,2004,350.0,2598284.0,121690.86,72.35662,False,False,3.0,small
Estonia,2004,7500.0,1362550.0,45230.0,0.05,False,False,2.0,small
Eswatini,2004,2020.0,1073159.0,17360.0,55.35217,False,False,2.0,small
Ethiopia,2004,130.0,76077206.0,1136243.3,85.98109,False,False,6.0,large
Fiji,2004,2820.0,874366.0,18270.0,15.0,False,False,0.0,small
Finland,2004,35370.0,5228172.0,338150.0,0.0,True,False,3.0,medium
France,2004,31340.0,62707588.0,549087.0,0.0,True,False,8.0,large
Gabon,2004,4110.0,1421609.0,267670.0,53.6879,False,False,3.0,small
Gambia,2004,430.0,1621312.0,11300.0,53.31504,False,False,1.0,small
Georgia,2004,1210.0,3927340.0,69700.0,13.2148,False,False,4.0,medium
Germany,2004,32080.0,82516260.0,357050.0,0.0,True,False,9.0,large
Ghana,2004,370.0,21868298.0,238540.0,53.64802,False,False,3.0,large
Greece,2004,19280.0,10955141.0,131960.0,0.25,True,False,4.0,medium
Guatemala,2004,1830.0,12807402.0,108890.0,51.0228,False,True,4.0,large
Guinea,2004,550.0,9062726.0,245860.0,42.3337,False,False,6.0,medium
Guyana,2004,1010.0,762418.0,214970.0,25.31799,False,False,3.0,small
Haiti,2004,680.0,8910263.0,27750.0,58.67204,False,False,1.0,medium
Honduras,2004,1210.0,7298994.0,112490.0,43.24,False,True,3.0,medium
Hungary,2004,8650.0,10107146.0,93030.0,12.9,False,False,7.0,medium
Iceland,2004,41660.0,292074.0,103000.0,0.0,True,True,0.0,small
Indonesia,2004,1060.0,227926649.0,1910930.0,31.81729,False,True,3.0,large
Iran,2004,2450.0,70256316.0,1745150.0,55.97413,False,False,7.0,large
Iraq,2004,1310.0,27577878.0,438320.0,36.98314,False,False,6.0,large
Ireland,2004,37840.0,4070262.0,70280.0,6.7,True,False,1.0,medium
Italy,2004,28390.0,57828179.0,302069.0,0.02,True,False,6.0,large
Kazakhstan,2004,2180.0,15850159.0,2724902.0,18.89002,False,False,5.0,large
Kenya,2004,460.0,34713455.0,580370.0,60.09171,False,False,5.0,large
Kiribati,2004,1430.0,96085.0,810.0,15.55,False,False,0.0,small
Kuwait,2004,29080.0,2157320.0,17820.0,0.0,True,False,2.0,small
Kyrgyzstan,2004,400.0,5104713.0,199950.0,38.2146,False,False,4.0,medium
Laos,2004,380.0,5781626.0,236800.0,47.5,False,False,5.0,medium
Latvia,2004,5610.0,2263122.0,64594.0,2.4,False,False,4.0,small
Lebanon,2004,4700.0,4599279.0,10450.0,92.4,False,False,2.0,medium
Lesotho,2004,820.0,1971129.0,30360.0,58.59683,False,False,1.0,small
Liberia,2004,210.0,3156892.0,111370.0,75.48823,False,False,3.0,medium
Libya,2004,5150.0,5736693.0,1759540.0,41.5949,False,False,6.0,medium
Lithuania,2004,6020.0,3377075.0,65300.0,3.3,False,False,4.0,medium
Luxembourg,2004,62680.0,458095.0,2590.0,0.0009,True,False,3.0,small
Madagascar,2004,330.0,18606608.0,587040.0,86.63257,False,False,0.0,large
Malawi,2004,440.0,12500737.0,118480.0,74.38269,False,False,3.0,large
Maldives,2004,3890.0,301413.0,300.0,41.535,False,False,0.0,small
Mali,2004,500.0,13102409.0,1240190.0,75.48678,False,False,7.0,large
Malta,2004,14200.0,401268.0,320.0,0.0375,True,False,0.0,small
Marshall Islands,2004,3400.0,51791.0,180.0,2.2,False,False,0.0,small
Mauritania,2004,820.0,2868664.0,1030700.0,77.94,False,False,4.0,small
Mauritius,2004,5240.0,1221003.0,2040.0,72.35662,False,False,0.0,small
Mexico,2004,8240.0,104394131.0,1964380.0,28.73289,False,True,3.0,large
Moldova,2004,910.0,2896023.0,33850.0,20.8,False,False,2.0,small
Mongolia,2004,760.0,2508412.0,1564120.0,49.65902,False,False,2.0,small
Montenegro,2004,3100.0,613353.0,13810.0,18.5,False,False,4.0,small
Morocco,2004,2060.0,29953018.0,446550.0,27.57876,False,False,3.0,large
Mozambique,2004,380.0,19840313.0,799380.0,83.06817,False,False,6.0,large
Myanmar,2004,230.0,47068772.0,676590.0,35.81751,False,False,5.0,large
Namibia,2004,2840.0,1942082.0,824290.0,42.25878,False,False,4.0,small
Nauru,2004,3090.0,10060.0,20.0,2.75,False,False,0.0,small
Nepal,2004,280.0,26016656.0,147180.0,60.52627,False,False,2.0,large
Netherlands,2004,36800.0,16281779.0,41530.0,0.0,True,False,2.0,large
New Zealand,2004,21530.0,4087500.0,267710.0,0.0,True,False,0.0,medium
Nicaragua,2004,1100.0,5272912.0,130370.0,69.07378,False,True,2.0,medium
Niger,2004,280.0,13265836.0,1267000.0,70.15403,False,False,7.0,large
North Macedonia,2004,2610.0,2016186.0,25710.0,1.3,False,False,4.0,small
Norway,2004,54290.0,4591910.0,385178.0,0.0,True,True,3.0,medium
Oman,2004,11050.0,2404821.0,309500.0,3.55,True,False,3.0,small
Pakistan,2004,740.0,171286000.0,796100.0,68.17208,False,False,4.0,large
Palau,2004,8370.0,19820.0,460.0,1.7,False,False,0.0,small
Panama,2004,4490.0,3251155.0,75420.0,40.05308,False,True,2.0,medium
Papua New Guinea,2004,540.0,6328041.0,462840.0,19.75,False,False,1.0,medium
Paraguay,2004,1440.0,5388175.0,406750.0,36.03286,False,False,3.0,medium
Peru,2004,2270.0,27852190.0,1285220.0,43.71555,False,False,5.0,large
Philippines,2004,1260.0,86394504.0,300000.0,47.16139,False,False,0.0,large
Poland,2004,6290.0,38182222.0,312690.0,1.55,False,False,7.0,large
Portugal,2004,16190.0,10483861.0,92120.0,0.95,True,False,1.0,medium
Romania,2004,2960.0,21451748.0,238390.0,3.65,False,False,5.0,large
Russia,2004,3410.0,144067316.0,17098240.0,3.5,False,True,14.0,large
Rwanda,2004,270.0,8816844.0,26340.0,64.45814,False,False,4.0,medium
Samoa,2004,1850.0,186249.0,2840.0,4.55,False,False,0.0,small
Sao Tome And Principe,2004,690.0,157705.0,960.0,61.4,False,False,0.0,small
Senegal,2004,850.0,10975704.0,196710.0,60.04485,False,False,5.0,medium
Serbia,2004,3340.0,7463157.0,88360.0,0.6,False,False,8.0,medium
Seychelles,2004,9870.0,82475.0,460.0,72.35662,False,False,0.0,small
Sierra Leone,2004,410.0,5355717.0,72300.0,72.5475,False,False,2.0,medium
Singapore,2004,26170.0,4166664.0,699.0,0.0,True,False,0.0,medium
Slovakia,2004,9010.0,5372280.0,49030.0,0.05,False,False,5.0,medium
Solomon Islands,2004,980.0,474611.0,28900.0,10.4,False,False,0.0,small
Somalia,2004,310.0,10280998.0,637660.0,72.35662,False,False,3.0,medium
South Africa,2004,4040.0,48991421.0,1219090.0,26.84803,False,True,6.0,large
Sri Lanka,2004,1030.0,20087605.0,65610.0,55.97413,False,False,0.0,large
St. Lucia,2004,6300.0,164239.0,620.0,4.5,False,False,0.0,small
Sudan,2004,620.0,30556637.0,2505810.0,99.1,False,False,7.0,large
Suriname,2004,2710.0,513923.0,163820.0,9.10421,False,False,3.0,small
Sweden,2004,39690.0,8993531.0,447420.11,0.25,True,False,2.0,medium
Switzerland,2004,55000.0,7389625.0,41290.7,0.0,True,False,5.0,medium
Syria,2004,1280.0,18336875.0,185180.0,31.30597,False,False,5.0,large
Tanzania,2004,460.0,38109668.0,947300.0,72.81275,False,False,8.0,large
Timor-Leste,2004,820.0,929074.0,14870.0,56.1,False,True,1.0,small
Togo,2004,530.0,5696508.0,56790.0,62.78541,False,False,3.0,medium
Tonga,2004,2050.0,105071.0,750.0,1.8,False,False,0.0,small
Trinidad And Tobago,2004,9300.0,1345380.0,5130.0,11.06,False,False,0.0,small
Turkiye,2004,5170.0,68592617.0,785350.0,21.79329,False,False,8.0,large
Turkmenistan,2004,1240.0,4958093.0,488100.0,10.50752,False,False,4.0,medium
Tuvalu,2004,3380.0,9816.0,30.0,4.25,False,False,0.0,small
Uganda,2004,280.0,27154515.0,241550.0,75.52337,False,False,5.0,large
Ukraine,2004,1250.0,47979507.0,603550.0,4.6,False,False,7.0,large
United Arab Emirates,2004,33220.0,4428967.0,98647.9,0.95,True,False,2.0,medium
United Kingdom,2004,37910.0,59987905.0,243610.0,0.1,True,False,1.0,large
United States,2004,43520.0,292805298.0,9632030.0,0.2,True,False,0.0,large
Uruguay,2004,4180.0,3283148.0,176220.0,23.67571,False,False,2.0,medium
Uzbekistan,2004,460.0,26029350.0,444103.0,23.97195,False,False,5.0,large
Vanuatu,2004,1580.0,205711.0,12190.0,4.55,False,False,0.0,small
Venezuela,2004,4060.0,26340838.0,912050.0,25.7,False,False,3.0,large
Vietnam,2004,550.0,80338971.0,329314.0,35.429,False,False,3.0,large
Yemen,2004,540.0,22095167.0,527970.0,58.56911,False,False,2.0,large
Zambia,2004,470.0,11338198.0,752610.0,60.67926,False,False,8.0,large
Zimbabwe,2004,320.0,12365896.0,390760.0,26.33104,False,False,4.0,large
Afghanistan,2006,270.0,25424094.0,652860.0,63.6,False,False,6.0,small
Albania,2006,3130.0,2992547.0,28750.0,20.5,False,False,4.0,small
Algeria,2006,3310.0,33623506.0,2381740.0,30.8,False,False,7.0,small
Angola,2006,2090.0,20015279.0,1246700.0,25.79191,False,False,4.0,small
Argentina,2006,5440.0,39622115.0,2780400.0,18.11494,False,True,5.0,medium
Armenia,2006,1910.0,3127100.0,29740.0,11.3289,False,False,4.0,small
Aruba,2006,23920.0,99405.0,180.0,0.0,True,False,0.0,small
Australia,2006,34670.0,20450966.0,7741220.0,0.125,True,True,0.0,small
Austria,2006,41170.0,8268641.0,83879.0,4.4,True,False,8.0,small
Azerbaijan,2006,1920.0,8484550.0,86600.0,32.93,False,False,5.0,small
Bangladesh,2006,550.0,146405973.0,148460.0,56.3783,False,False,2.0,large
Belgium,2006,39940.0,10547958.0,30528.0,0.0,True,False,4.0,small
Belize,2006,5160.0,287878.0,22970.0,15.75333,False,False,2.0,small
Benin,2006,810.0,8693242.0,114760.0,70.68586,False,False,4.0,small
Bhutan,2006,1390.0,670799.0,38394.0,55.27324,False,False,2.0,small
Bolivia,2006,1090.0,9521689.0,1098580.0,51.15337,False,False,5.0,small
Bosnia And Herzegovina,2006,3160.0,4063272.0,51210.0,4.9,False,False,3.0,small
Botswana,2006,5400.0,1874516.0,581730.0,52.32451,False,False,4.0,small
Brazil,2006,4890.0,186653106.0,8515770.0,24.81844,False,False,10.0,large
Brunei,2006,30720.0,364663.0,5770.0,32.35866,True,False,1.0,small
Bulgaria,2006,4300.0,7601022.0,111000.0,0.1,False,False,5.0,small
Burkina Faso,2006,470.0,14373707.0,274220.0,65.51314,False,False,6.0,small
Burundi,2006,150.0,7865547.0,27830.0,71.68054,False,False,3.0,small
Cabo Verde,2006,2200.0,490728.0,4030.0,63.82988,False,False,0.0,small
Cambodia,2006,580.0,13639028.0,181040.0,67.9,False,False,3.0,small
Cameroon,2006,1200.0,17550407.0,475440.0,55.55619,False,False,6.0,small
Canada,2006,37900.0,32571193.0,15640500.0,0.3,True,True,1.0,small
Central African Republic,2006,330.0,4377579.0,622980.0,77.43913,False,False,6.0,small
Chad,2006,630.0,10706424.0,1284000.0,88.20191,False,False,6.0,small
Chile,2006,7350.0,16509195.0,756096.0,7.3,False,True,3.0,small
Colombia,2006,3540.0,42691084.0,1141750.0,17.14349,False,True,5.0,medium
Comoros,2006,1140.0,604753.0,1861.0,66.27029,False,False,0.0,small
Congo Dem. Rep,2006,220.0,60615908.0,2344860.0,72.37482,False,False,9.0,medium
Costa Rica,2006,5090.0,4321340.0,51100.0,9.95087,False,True,2.0,small
Cote D'Ivoire,2006,850.0,20546802.0,322460.0,62.45466,False,False,5.0,small
Croatia,2006,11240.0,4311159.0,56590.0,0.35,True,False,5.0,small
Cuba,2006,4410.0,11278550.0,109890.0,3.20225,False,False,0.0,small
Cyprus,2006,25600.0,1054418.0,9250.0,0.25,True,False,0.0,small
Czechia,2006,13990.0,10238905.0,78870.0,0.05,True,False,4.0,small
Denmark,2006,53630.0,5437272.0,42920.0,0.0,True,False,1.0,small
Dominican Republic,2006,3590.0,9341183.0,48670.0,23.06549,False,False,1.0,small
Ecuador,2006,3000.0,14086131.0,256370.0,57.8,False,False,2.0,small
Egypt,2006,1230.0,82700403.0,1001450.0,25.69566,False,True,4.0,large
El Salvador,2006,2600.0,6002319.0,21040.0,46.49143,False,False,2.0,small
Equatorial Guinea,2006,6420.0,990343.0,28050.0,59.17237,False,False,2.0,small
Eritrea,2006,440.0,2703502.0,121659.95,69.89404,False,False,3.0,small
Estonia,2006,11500.0,1346810.0,45230.0,0.1,True,False,2.0,small
Eswatini,2006,3090.0,1084436.0,17360.0,47.92817,False,False,2.0,small
Ethiopia,2006,180.0,80703490.0,1136243.0,82.88584,False,False,6.0,large
Fiji,2006,3350.0,890365.0,18270.0,14.5,False,False,0.0,small
Finland,2006,42830.0,5266268.0,338440.0,0.0,True,False,3.0,small
France,2006,37920.0,63622342.0,549087.0,0.0,True,False,8.0,medium
Gabon,2006,5450.0,1508337.0,267670.0,51.81685,False,False,3.0,small
Gambia,2006,600.0,1715275.0,11300.0,51.5123,False,False,1.0,small
Georgia,2006,1910.0,3880347.0,69700.0,12.44783,False,False,4.0,small
Germany,2006,38890.0,82376451.0,357100.0,0.0,True,False,9.0,large
Ghana,2006,570.0,23040702.0,238540.0,50.28782,False,False,3.0,small
Greece,2006,24160.0,11020362.0,131960.0,0.2,True,False,4.0,small
Guatemala,2006,2130.0,13367459.0,108890.0,48.78615,False,True,4.0,small
Guinea,2006,500.0,9441171.0,245860.0,43.16788,False,False,6.0,small
Guyana,2006,1450.0,758966.0,214970.0,23.67077,False,False,3.0,small
Haiti,2006,800.0,9216562.0,27750.0,57.36641,False,False,1.0,small
Honduras,2006,1360.0,7656832.0,112490.0,40.9,False,True,3.0,small
Hungary,2006,11230.0,10071370.0,93030.0,11.6,True,False,7.0,small
Iceland,2006,54890.0,303782.0,103000.0,0.0,True,True,0.0,small
Indonesia,2006,1350.0,233951652.0,1910930.0,30.1631,False,True,3.0,large
Iran,2006,3330.0,73392747.0,1745150.0,55.27324,False,False,7.0,medium
Iraq,2006,1880.0,28616515.0,438320.0,38.52762,False,False,6.0,small
Ireland,2006,47950.0,4273591.0,70280.0,6.9,True,False,1.0,small
Italy,2006,34260.0,58399861.0,302069.0,0.02,True,False,6.0,medium
Kazakhstan,2006,3670.0,16103716.0,2724902.0,16.10598,False,False,5.0,small
Kenya,2006,590.0,36904008.0,580370.0,58.54531,False,False,5.0,medium
Kiribati,2006,1670.0,100017.0,810.0,14.35,False,False,0.0,small
Kuwait,2006,42460.0,2364733.0,17820.0,0.0,True,False,2.0,small
Kyrgyzstan,2006,500.0,5218373.0,199950.0,33.74269,False,False,4.0,small
Laos,2006,500.0,5963200.0,236800.0,44.1,False,False,5.0,small
Latvia,2006,8590.0,2218357.0,64594.0,2.15,False,False,4.0,small
Lebanon,2006,4870.0,4751136.0,10450.0,92.41022,False,False,2.0,small
Lesotho,2006,1160.0,1945063.0,30360.0,54.46637,False,False,1.0,small
Liberia,2006,270.0,3490787.0,111370.0,74.59566,False,False,3.0,small
Libya,2006,8540.0,5980211.0,1759540.0,35.16781,False,False,6.0,small
Lithuania,2006,8810.0,3269909.0,65300.0,2.85,False,False,4.0,small
Luxembourg,2006,71370.0,472637.0,2590.0,0.00343,True,False,3.0,small
Madagascar,2006,310.0,19730909.0,587040.0,84.23101,False,False,0.0,small
Malawi,2006,440.0,13198701.0,118480.0,70.86866,False,False,3.0,small
Maldives,2006,4710.0,313851.0,300.0,41.535,False,False,0.0,small
Mali,2006,590.0,13990139.0,1240190.0,71.29204,False,False,7.0,small
Malta,2006,16330.0,405308.0,320.0,0.0375,True,False,0.0,small
Marshall Islands,2006,3540.0,51992.0,180.0,2.0,False,False,0.0,small
Mauritania,2006,1180.0,3013660.0,1030700.0,74.5634,False,False,4.0,small
Mauritius,2006,5910.0,1233996.0,2040.0,69.89404,False,False,0.0,small
Mexico,2006,9140.0,107253666.0,1964380.0,27.01784,False,True,3.0,large
Moldova,2006,1280.0,2880967.0,33850.0,18.0,False,False,2.0,small
Mongolia,2006,1110.0,2567168.0,1564120.0,45.68648,False,False,2.0,small
Montenegro,2006,4320.0,615025.0,13810.0,17.3,False,False,4.0,small
Morocco,2006,2490.0,30771178.0,446550.0,24.79078,False,False,3.0,small
Mozambique,2006,450.0,20787087.0,799380.0,79.55451,False,False,6.0,small
Myanmar,2006,300.0,47785135.0,676590.0,39.02659,False,False,5.0,medium
Namibia,2006,3990.0,1991888.0,824290.0,42.10975,False,False,4.0,small
Nauru,2006,3890.0,10034.0,20.0,2.25,False,False,0.0,small
Nepal,2006,330.0,26565425.0,147180.0,57.63426,False,False,2.0,small
Netherlands,2006,45500.0,16346101.0,41540.0,0.0,True,False,2.0,small
New Zealand,2006,26380.0,4184600.0,267710.0,0.0,True,False,0.0,small
Nicaragua,2006,1220.0,5418855.0,130370.0,67.81162,False,True,2.0,small
Niger,2006,350.0,14268581.0,1267000.0,70.21202,False,False,7.0,small
North Macedonia,2006,3430.0,1994287.0,25710.0,1.15,False,False,4.0,small
Norway,2006,70300.0,4660677.0,385178.0,0.0,True,True,3.0,small
Oman,2006,14850.0,2514795.0,309500.0,2.9,True,False,3.0,small
Pakistan,2006,890.0,179682690.0,796100.0,66.64728,False,False,4.0,large
Palau,2006,9440.0,19593.0,460.0,1.5,False,False,0.0,small
Panama,2006,5270.0,3375024.0,75420.0,35.74154,False,True,2.0,small
Papua New Guinea,2006,780.0,6747720.0,462840.0,20.1,False,False,1.0,small
Paraguay,2006,1980.0,5505148.0,406750.0,33.03571,False,False,3.0,small
Peru,2006,2790.0,28324491.0,1285220.0,41.86678,False,False,5.0,small
Philippines,2006,1470.0,89508986.0,300000.0,45.75529,False,False,0.0,large
Poland,2006,8450.0,38141267.0,312680.0,1.25,False,False,7.0,medium
Portugal,2006,19410.0,10522288.0,92090.0,0.75,True,False,1.0,small
Romania,2006,4900.0,21193760.0,238390.0,3.5,False,False,5.0,small
Russia,2006,5810.0,143049637.0,17098240.0,3.35,False,True,14.0,large
Rwanda,2006,350.0,9299246.0,26340.0,60.97695,False,False,4.0,small
Samoa,2006,2470.0,187709.0,2840.0,3.9,False,False,0.0,small
Sao Tome And Principe,2006,910.0,165638.0,960.0,61.4,False,False,0.0,small
Senegal,2006,1020.0,11500094.0,196710.0,56.48985,False,False,5.0,small
Serbia,2006,4280.0,7411569.0,88360.0,0.6,False,False,8.0,small
Seychelles,2006,13380.0,84600.0,460.0,69.89404,True,False,0.0,small
Sierra Leone,2006,440.0,5624466.0,72300.0,69.80989,False,False,2.0,small
Singapore,2006,32550.0,4401365.0,704.0,0.0,True,False,0.0,small
Slovakia,2006,12950.0,5373054.0,49030.0,0.05,True,False,5.0,small
Solomon Islands,2006,1190.0,491594.0,28900.0,8.95,False,False,0.0,small
Somalia,2006,450.0,10975502.0,637660.0,69.89404,False,False,3.0,small
South Africa,2006,6120.0,49998277.0,1219090.0,26.46718,False,True,6.0,medium
Sri Lanka,2006,1320.0,20352411.0,65610.0,55.27324,False,False,0.0,small
St. Lucia,2006,7210.0,166639.0,620.0,3.9,False,False,0.0,small
Sudan,2006,920.0,31992435.0,2505810.0,99.08834,False,False,7.0,small
Suriname,2006,3880.0,524997.0,163820.0,9.94123,False,False,3.0,small
Sweden,2006,49090.0,9080505.0,447420.11,0.25,True,False,2.0,small
Switzerland,2006,65290.0,7483934.0,41290.7,0.0,True,False,5.0,small
Syria,2006,1520.0,19637022.0,185180.0,30.43709,False,False,5.0,small
Tanzania,2006,510.0,40294902.0,947300.0,68.55511,False,False,8.0,medium
Timor-Leste,2006,1360.0,976597.0,14870.0,56.1,False,True,1.0,small
Togo,2006,560.0,6010668.0,56790.0,59.54209,False,False,3.0,small
Tonga,2006,2560.0,106253.0,750.0,1.65,False,False,0.0,small
Trinidad And Tobago,2006,13320.0,1297944.0,5130.0,10.28,True,False,0.0,small
Tunisia,2006,3290.0,10346410.0,163610.0,10.4,False,False,2.0,small
Turkiye,2006,7780.0,70045349.0,785350.0,20.39926,False,False,8.0,medium
Turkmenistan,2006,1770.0,5147105.0,488100.0,10.25739,False,False,4.0,small
Tuvalu,2006,3920.0,10056.0,30.0,3.75,False,False,0.0,small
Uganda,2006,350.0,28794003.0,241550.0,72.83447,False,False,5.0,small
Ukraine,2006,1930.0,47278694.0,603550.0,3.9,False,False,7.0,medium
United Arab Emirates,2006,41670.0,5009100.0,98647.9,0.95,True,False,2.0,small
United Kingdom,2006,44960.0,60846820.0,243610.0,0.1,True,False,1.0,medium
United States,2006,47850.0,298379912.0,9632030.0,0.2,True,False,0.0,large
Uruguay,2006,5470.0,3289506.0,176220.0,19.95,False,False,2.0,small
Uzbekistan,2006,600.0,26699043.0,444103.0,21.18651,False,False,5.0,small
Vanuatu,2006,1980.0,215923.0,12190.0,4.45,False,False,0.0,small
Venezuela,2006,6050.0,27224686.0,912050.0,25.7,False,False,3.0,small
Vietnam,2006,740.0,82167897.0,331212.0,30.48516,False,False,3.0,large
Yemen,2006,710.0,23543083.0,527970.0,55.94758,False,False,2.0,small
Zambia,2006,720.0,12129553.0,752610.0,59.12662,False,False,8.0,small
Zimbabwe,2006,280.0,12636445.0,390760.0,25.73569,False,False,4.0,small
Afghanistan,2008,370.0,26482622.0,652860.0,63.6,False,False,6.0,medium
Albania,2008,4160.0,2947314.0,28750.0,17.9,False,False,4.0,small
Algeria,2008,4430.0,34816961.0,2381740.0,30.8,False,False,7.0,medium
Angola,2008,3450.0,21578655.0,1246700.0,31.92344,False,False,4.0,small
Argentina,2008,7600.0,40424148.0,2780400.0,17.3893,False,True,5.0,medium
Armenia,2008,3390.0,3087100.0,29740.0,10.83987,False,False,4.0,small
Aruba,2008,26780.0,100917.0,180.0,0.0,True,False,0.0,small
Australia,2008,42510.0,21249199.0,7741220.0,0.105,True,True,0.0,small
Azerbaijan,2008,3900.0,8763400.0,86600.0,26.92667,False,False,5.0,small
Bangladesh,2008,640.0,149474264.0,148460.0,55.73415,False,False,2.0,large
Belgium,2008,46570.0,10709973.0,30528.0,0.0,True,False,4.0,small
Belize,2008,5170.0,304361.0,22970.0,15.74933,False,False,2.0,small
Benin,2008,970.0,9228466.0,114760.0,70.29258,False,False,4.0,small
Bhutan,2008,1850.0,686351.0,38394.0,54.47522,False,False,2.0,small
Bolivia,2008,1460.0,9850858.0,1098580.0,48.88953,False,False,5.0,small
Bosnia And Herzegovina,2008,4500.0,3947544.0,51210.0,4.7,False,False,3.0,small
Botswana,2008,5470.0,1949970.0,581730.0,50.20189,False,False,4.0,small
Brazil,2008,7680.0,190367302.0,8515770.0,21.51132,False,False,10.0,large
Brunei,2008,36700.0,377793.0,5770.0,30.56831,True,False,1.0,small
Bulgaria,2008,6070.0,7492561.0,111000.0,0.15,False,False,5.0,small
Burkina Faso,2008,550.0,15258093.0,274220.0,59.94701,False,False,6.0,small
Burundi,2008,180.0,8505637.0,27830.0,66.31802,False,False,3.0,small
Cabo Verde,2008,3360.0,501355.0,4030.0,61.43036,False,False,0.0,small
Cambodia,2008,780.0,14053479.0,181040.0,62.3,False,False,3.0,small
Cameroon,2008,1360.0,18574056.0,475440.0,52.28699,False,False,6.0,small
Canada,2008,44930.0,33247298.0,15640500.0,0.45,True,True,1.0,medium
Central African Republic,2008,390.0,4558984.0,622980.0,74.59712,False,False,6.0,small
Chad,2008,910.0,11476296.0,1284000.0,87.07463,False,False,6.0,small
Chile,2008,9950.0,16838988.0,756096.0,7.3,False,True,3.0,small
Colombia,2008,4770.0,43758808.0,1141750.0,15.79905,False,True,5.0,medium
Comoros,2008,1340.0,629307.0,1861.0,66.86223,False,False,0.0,small
Congo Dem. Rep,2008,300.0,64390664.0,2344860.0,73.29596,False,False,9.0,medium
Costa Rica,2008,6440.0,4440056.0,51100.0,9.03585,False,True,2.0,small
Cote D'Ivoire,2008,1000.0,21514439.0,322460.0,60.91402,False,False,5.0,small
Croatia,2008,13990.0,4309705.0,56590.0,0.35,True,False,5.0,small
Cuba,2008,5030.0,11291762.0,109890.0,4.25079,False,False,0.0,small
Cyprus,2008,31970.0,1091026.0,9250.0,0.25,True,False,0.0,small
Czechia,2008,18480.0,10384603.0,78870.0,0.05,True,False,4.0,small
Denmark,2008,60620.0,5493621.0,42920.0,0.0,True,False,1.0,small
Dominican Republic,2008,4700.0,9573130.0,48670.0,20.70217,False,False,1.0,small
Egypt,2008,1710.0,85864789.0,1001450.0,20.1855,False,True,4.0,large
El Salvador,2008,2910.0,6029297.0,21040.0,40.48857,False,False,2.0,small
Equatorial Guinea,2008,11310.0,1084530.0,28050.0,59.85517,False,False,2.0,small
Eritrea,2008,440.0,2816327.0,121644.279,67.40634,False,False,3.0,small
Estonia,2008,15190.0,1337090.0,45230.0,0.1,True,False,2.0,small
Eswatini,2008,3160.0,1098091.0,17360.0,40.50418,False,False,2.0,small
Ethiopia,2008,270.0,85543668.0,1136243.2,79.7906,False,False,6.0,large
Fiji,2008,3730.0,903399.0,18270.0,13.5,False,False,0.0,small
Finland,2008,50160.0,5313399.0,338420.0,0.0,True,False,3.0,small
France,2008,43580.0,64375116.0,549087.0,0.0,True,False,8.0,medium
Gabon,2008,6920.0,1607175.0,267670.0,49.9458,False,False,3.0,small
Gambia,2008,750.0,1817852.0,11300.0,49.70956,False,False,1.0,small
Georgia,2008,2820.0,3848449.0,69700.0,11.68087,False,False,4.0,small
Germany,2008,44360.0,82110097.0,357110.0,0.0,True,False,9.0,large
Ghana,2008,1120.0,24249946.0,238540.0,46.92763,False,False,3.0,small
Greece,2008,28330.0,11077841.0,131960.0,0.15,True,False,4.0,small
Guatemala,2008,2570.0,13935174.0,108890.0,46.5495,False,True,4.0,small
Guinea,2008,610.0,9898870.0,245860.0,44.00206,False,False,6.0,small
Guinea-Bissau,2008,540.0,1488054.0,36130.0,75.2,False,False,2.0,small
Guyana,2008,3820.0,754606.0,214970.0,22.02354,False,False,3.0,small
Haiti,2008,1010.0,9530774.0,27750.0,56.06078,False,False,1.0,small
Honduras,2008,1620.0,8012587.0,112490.0,38.56,False,True,3.0,small
Hungary,2008,13250.0,10038188.0,93030.0,10.4,True,False,7.0,small
Iceland,2008,52420.0,317414.0,103000.0,0.0,True,True,0.0,small
Indonesia,2008,1900.0,240157903.0,1910930.0,28.5089,False,True,3.0,large
Iran,2008,4720.0,75514204.0,1745150.0,54.47522,False,False,7.0,large
Iraq,2008,3470.0,28971036.0,438320.0,40.07209,False,False,6.0,medium
Ireland,2008,50940.0,4489544.0,70280.0,7.2,True,False,1.0,small
Italy,2008,37870.0,59211181.0,302069.0,0.02,True,False,6.0,medium
Kazakhstan,2008,5870.0,16426525.0,2724902.0,13.32194,False,False,5.0,small
Kenya,2008,830.0,39206351.0,580370.0,56.99891,False,False,5.0,medium
Kiribati,2008,1860.0,104222.0,810.0,13.1,False,False,0.0,small
Kuwait,2008,51800.0,2651421.0,17820.0,0.0,True,False,2.0,small
Kyrgyzstan,2008,760.0,5318729.0,199950.0,29.27078,False,False,4.0,small
Laos,2008,740.0,6148969.0,236800.0,40.7,False,False,5.0,small
Latvia,2008,12830.0,2177322.0,64594.0,1.85,True,False,4.0,small
Lebanon,2008,5860.0,4925354.0,10450.0,67.30186,False,False,2.0,small
Lesotho,2008,1310.0,1966541.0,30360.0,50.33592,False,False,1.0,small
Liberia,2008,370.0,3821003.0,111370.0,72.81052,False,False,3.0,small
Libya,2008,12020.0,6235430.0,1759540.0,30.98409,True,False,6.0,small
Lithuania,2008,12670.0,3198231.0,65300.0,2.4,True,False,4.0,small
Luxembourg,2008,86000.0,488650.0,2590.0,0.00596,True,False,3.0,small
Madagascar,2008,430.0,20923840.0,587040.0,81.82945,False,False,0.0,small
Malawi,2008,530.0,13976417.0,118480.0,67.35464,False,False,3.0,small
Maldives,2008,5500.0,336170.0,300.0,40.9775,False,False,0.0,small
Mali,2008,720.0,14940782.0,1240190.0,67.09729,False,False,7.0,small
Malta,2008,20290.0,409379.0,320.0,0.0375,True,False,0.0,small
Marshall Islands,2008,3630.0,52030.0,180.0,1.65,False,False,0.0,small
Mauritania,2008,1430.0,3183269.0,1030700.0,71.18681,False,False,4.0,small
Mauritius,2008,7390.0,1244121.0,2040.0,67.40634,False,False,0.0,small
Mexico,2008,10260.0,110374288.0,1964380.0,25.3028,False,True,3.0,large
Moldova,2008,1870.0,2868833.0,33850.0,15.1,False,False,2.0,small
Mongolia,2008,1790.0,2643201.0,1564120.0,41.71394,False,False,2.0,small
Montenegro,2008,6450.0,616969.0,13810.0,16.1,False,False,4.0,small
Morocco,2008,2970.0,31606767.0,446550.0,22.0028,False,False,3.0,medium
Mozambique,2008,530.0,21819036.0,799380.0,76.04086,False,False,6.0,small
Myanmar,2008,490.0,48390793.0,676590.0,42.23566,False,False,5.0,medium
Namibia,2008,4310.0,2047056.0,824290.0,41.96073,False,False,4.0,small
Nauru,2008,3510.0,10009.0,20.0,1.85,False,False,0.0,small
Nepal,2008,430.0,26990037.0,147180.0,54.74225,False,False,2.0,medium
Netherlands,2008,51930.0,16445593.0,41540.0,0.0,True,False,2.0,small
New Zealand,2008,28680.0,4259800.0,267710.0,0.0,True,False,0.0,small
Nicaragua,2008,1420.0,5576593.0,130370.0,67.2,False,True,2.0,small
Niger,2008,440.0,15361915.0,1267000.0,70.27001,False,False,7.0,small
Nigeria,2008,1890.0,157595014.0,923770.0,64.0572,False,False,4.0,large
North Macedonia,2008,4540.0,1971493.0,25710.0,1.0,False,False,4.0,small
Norway,2008,87850.0,4768212.0,385178.0,0.0,True,True,3.0,small
Oman,2008,21190.0,2626529.0,309500.0,2.3,True,False,3.0,small
Pakistan,2008,1000.0,189499113.0,796100.0,65.12249,False,False,4.0,large
Palau,2008,10000.0,19009.0,460.0,1.3,False,False,0.0,small
Panama,2008,6770.0,3500648.0,75420.0,31.43,False,True,2.0,small
Papua New Guinea,2008,1360.0,7183002.0,462840.0,20.5,False,False,1.0,small
Paraguay,2008,3320.0,5613574.0,406750.0,30.03857,False,False,3.0,small
Peru,2008,3770.0,28719041.0,1285220.0,40.018,False,False,5.0,medium
Philippines,2008,1970.0,92699095.0,300000.0,44.34919,False,False,0.0,large
Poland,2008,11980.0,38125759.0,312680.0,0.85,True,False,7.0,medium
Portugal,2008,22630.0,10558177.0,92090.0,0.55,True,False,1.0,small
Romania,2008,8800.0,20537875.0,238390.0,3.25,False,False,5.0,small
Russia,2008,9580.0,142742366.0,17098240.0,3.3,False,True,14.0,large
Rwanda,2008,470.0,9804269.0,26340.0,57.49576,False,False,4.0,small
Samoa,2008,2970.0,190107.0,2840.0,3.2,False,False,0.0,small
Sao Tome And Principe,2008,1000.0,173793.0,960.0,60.3972,False,False,0.0,small
Senegal,2008,1240.0,12048959.0,196710.0,52.93485,False,False,5.0,small
Serbia,2008,6250.0,7350222.0,88360.0,0.55,False,False,8.0,small
Seychelles,2008,11520.0,86956.0,460.0,67.40634,False,False,0.0,small
Sierra Leone,2008,580.0,5894722.0,72300.0,67.07228,False,False,2.0,small
Singapore,2008,37230.0,4839396.0,710.0,0.0,True,False,0.0,small
Slovakia,2008,17250.0,5379233.0,49035.0,0.05,True,False,5.0,small
Solomon Islands,2008,1380.0,508790.0,28900.0,7.5,False,False,0.0,small
Somalia,2008,510.0,11663084.0,637660.0,67.40634,False,False,3.0,small
South Africa,2008,6490.0,51114599.0,1219090.0,26.08634,False,True,6.0,medium
Sri Lanka,2008,1740.0,20629378.0,65610.0,54.47522,False,False,0.0,small
St. Lucia,2008,8150.0,168808.0,620.0,3.35,False,False,0.0,small
Sudan,2008,1350.0,33623980.0,2505810.0,94.00333,False,False,7.0,medium
Suriname,2008,6090.0,537245.0,163820.0,10.77825,False,False,3.0,small
Sweden,2008,55370.0,9219637.0,447420.11,0.2,True,False,2.0,small
Switzerland,2008,64870.0,7647675.0,41290.7,0.0,True,False,5.0,small
Syria,2008,1950.0,21636564.0,185180.0,28.53389,False,False,5.0,small
Tanzania,2008,590.0,42570728.0,947300.0,64.29748,False,False,8.0,medium
Timor-Leste,2008,3040.0,1032429.0,14870.0,54.0,False,True,1.0,small
Togo,2008,640.0,6368812.0,56790.0,56.29878,False,False,3.0,small
Tonga,2008,3130.0,107020.0,750.0,1.45,False,False,0.0,small
Trinidad And Tobago,2008,17420.0,1308587.0,5130.0,9.5,True,False,0.0,small
Tunisia,2008,3820.0,10542635.0,163610.0,10.4,False,False,2.0,small
Turkiye,2008,9830.0,71051678.0,785350.0,19.00523,False,False,8.0,large
Turkmenistan,2008,2800.0,5345029.0,488100.0,10.00727,False,False,4.0,small
Tuvalu,2008,4780.0,10321.0,30.0,2.55,False,False,0.0,small
Uganda,2008,430.0,30539553.0,241550.0,70.14557,False,False,5.0,medium
Ukraine,2008,3170.0,46819175.0,603550.0,3.2,False,False,7.0,medium
United Arab Emirates,2008,44890.0,6302664.0,98647.9,0.8,True,False,2.0,small
United Kingdom,2008,48720.0,61806995.0,243610.0,0.1,True,False,1.0,medium
United States,2008,49110.0,304093966.0,9831510.0,0.2,True,False,0.0,large
Uruguay,2008,7930.0,3302177.0,176220.0,16.22429,False,False,2.0,small
Uzbekistan,2008,970.0,27494774.0,444103.0,18.41311,False,False,5.0,medium
Vanuatu,2008,2430.0,226896.0,12190.0,4.35,False,False,0.0,small
Vietnam,2008,1000.0,85175788.0,331051.0,25.54133,False,False,3.0,large
Yemen,2008,880.0,25111941.0,527970.0,53.32605,False,False,2.0,medium
Zambia,2008,1170.0,13021324.0,752610.0,57.57398,False,False,8.0,small
Zimbabwe,2008,120.0,12959149.0,390760.0,25.14033,False,False,4.0,small
Afghanistan,2010,530.0,28284089.0,652860.0,64.80761,False,False,6.0,medium
Albania,2010,4430.0,2913021.0,28750.0,15.4,False,False,4.0,small
Algeria,2010,4870.0,36188236.0,2381740.0,30.8,False,False,7.0,medium
Angola,2010,3780.0,23294825.0,1246700.0,38.05496,False,False,4.0,medium
Antigua And Barbuda,2010,14390.0,85320.0,440.0,2.6463,True,False,0.0,small
Argentina,2010,9160.0,41288694.0,2780400.0,16.66365,False,True,5.0,medium
Armenia,2010,3280.0,3044800.0,29740.0,10.35084,False,False,4.0,small
Aruba,2010,23050.0,101838.0,180.0,0.0,True,False,0.0,small
Australia,2010,46900.0,22031750.0,7741220.0,0.085,True,True,0.0,medium
Azerbaijan,2010,5400.0,9054332.0,86600.0,26.92667,False,False,5.0,small
Bangladesh,2010,780.0,152201981.0,148460.0,55.08999,False,False,2.0,large
Belgium,2010,47110.0,10895586.0,30528.0,0.0,True,False,4.0,small
Belize,2010,5060.0,320245.0,22970.0,15.74533,False,False,2.0,small
Benin,2010,1020.0,9797484.0,114760.0,69.89931,False,False,4.0,small
Bermuda,2010,105750.0,63725.0,54.0,0.1,True,False,0.0,small
Bhutan,2010,2180.0,701632.0,38394.0,53.69789,False,False,2.0,small
Bolivia,2010,1760.0,10182345.0,1098580.0,46.62568,False,False,5.0,small
Bosnia And Herzegovina,2010,4820.0,3811472.0,51210.0,4.5,False,False,3.0,small
Botswana,2010,5370.0,2033111.0,581730.0,48.07927,False,False,4.0,small
Brazil,2010,9750.0,193701929.0,8515770.0,18.20421,False,False,10.0,large
Brunei,2010,35370.0,392332.0,5770.0,28.77162,True,False,1.0,small
Bulgaria,2010,7010.0,7395599.0,111000.0,0.15,False,False,5.0,small
Burkina Faso,2010,630.0,16176498.0,274220.0,54.38089,False,False,6.0,small
Burundi,2010,200.0,9376444.0,27830.0,60.9555,False,False,3.0,small
Cabo Verde,2010,3600.0,509784.0,4030.0,58.95417,False,False,0.0,small
Cambodia,2010,910.0,14500726.0,181040.0,56.6,False,False,3.0,small
Cameroon,2010,1450.0,19668066.0,475440.0,49.01779,False,False,6.0,medium
Canada,2010,44490.0,34005902.0,15640500.0,0.5,True,True,1.0,medium
Cayman Islands,2010,73550.0,54099.0,264.0,4.15,True,False,0.0,small
Central African Republic,2010,500.0,4492995.0,622980.0,71.75511,False,False,6.0,small
Chad,2010,1150.0,12312575.0,1284000.0,85.94735,False,False,6.0,small
Colombia,2010,5690.0,44777319.0,1141750.0,14.4546,False,True,5.0,medium
Comoros,2010,1450.0,654836.0,1861.0,67.45416,False,False,0.0,small
Congo Dem. Rep,2010,320.0,68563038.0,2344860.0,74.21711,False,False,9.0,large
Costa Rica,2010,7290.0,4555962.0,51100.0,8.12083,False,True,2.0,small
Cote D'Ivoire,2010,1120.0,22488065.0,322460.0,59.37338,False,False,5.0,medium
Croatia,2010,13890.0,4295427.0,56590.0,0.35,True,False,5.0,small
Cuba,2010,5170.0,11297409.0,109880.0,5.29933,False,False,0.0,small
Cyprus,2010,32170.0,1127816.0,9250.0,0.25,True,False,0.0,small
Czechia,2010,19420.0,10474410.0,78870.0,0.05,True,False,4.0,small
Denmark,2010,61290.0,5547683.0,42920.0,0.0,True,False,1.0,small
Dominican Republic,2010,5260.0,9820175.0,48670.0,18.33885,False,False,1.0,small
Egypt,2010,2200.0,89196072.0,1001450.0,14.67533,False,True,4.0,large
El Salvador,2010,2940.0,6068249.0,21040.0,34.48571,False,False,2.0,small
Equatorial Guinea,2010,7920.0,1189085.0,28050.0,60.60063,False,False,2.0,small
Eritrea,2010,550.0,2945186.0,121651.578,64.81973,False,False,3.0,small
Estonia,2010,14580.0,1331475.0,45230.0,0.1,True,False,2.0,small
Eswatini,2010,3260.0,1111650.0,17360.0,33.08018,False,False,2.0,small
Ethiopia,2010,370.0,90538514.0,1136242.9,76.69536,False,False,6.0,large
Fiji,2010,3450.0,910419.0,18270.0,12.5,False,False,0.0,small
Finland,2010,49750.0,5363352.0,338420.0,0.0,True,False,3.0,small
France,2010,44040.0,65026211.0,549087.0,0.0,True,False,8.0,large
Gabon,2010,7420.0,1719879.0,267670.0,48.07475,False,False,3.0,small
Gambia,2010,830.0,1926630.0,11300.0,47.90681,False,False,1.0,small
Georgia,2010,3220.0,3786695.0,69700.0,10.9139,False,False,4.0,small
Germany,2010,45530.0,81776930.0,357130.0,0.0,True,False,9.0,large
Ghana,2010,1200.0,25474995.0,238540.0,43.56743,False,False,3.0,medium
Greece,2010,27320.0,11121341.0,131960.0,0.1,True,False,4.0,small
Guatemala,2010,2690.0,14500112.0,108890.0,44.31286,False,True,4.0,small
Guinea,2010,680.0,10396086.0,245860.0,44.83624,False,False,6.0,small
Guinea-Bissau,2010,620.0,1566347.0,36130.0,75.2,False,False,2.0,small
Guyana,2010,4520.0,749256.0,214970.0,20.37632,False,False,3.0,small
Haiti,2010,1140.0,9803294.0,27750.0,54.75515,False,False,1.0,small
Honduras,2010,1730.0,8365878.0,112490.0,36.22,False,True,3.0,small
Hungary,2010,13250.0,10000023.0,93030.0,9.1,True,False,7.0,small
Iceland,2010,37950.0,318041.0,103000.0,0.0,True,True,0.0,small
Indonesia,2010,2490.0,246305322.0,1910930.0,26.85471,False,True,3.0,large
Iran,2010,5910.0,77420842.0,1745150.0,53.69789,False,False,7.0,large
Iraq,2010,4390.0,31045366.0,435240.0,41.61657,False,False,6.0,medium
Ireland,2010,44970.0,4560155.0,70280.0,7.5,True,False,1.0,small
Italy,2010,37720.0,59819407.0,302069.0,0.02,True,False,6.0,large
Kazakhstan,2010,7210.0,16836810.0,2724902.0,10.5379,False,False,5.0,small
Kenya,2010,930.0,41598567.0,580370.0,55.45251,False,False,5.0,medium
Kiribati,2010,2030.0,108704.0,810.0,11.8,False,False,0.0,small
Kuwait,2010,42850.0,2943372.0,17820.0,0.0,True,False,2.0,small
Kyrgyzstan,2010,850.0,5467059.0,199949.0,24.79887,False,False,4.0,small
Laos,2010,990.0,6334194.0,236800.0,37.3,False,False,5.0,small
Latvia,2010,12250.0,2097555.0,64594.0,1.6,False,False,4.0,small
Lebanon,2010,7340.0,5041288.0,10450.0,42.19351,False,False,2.0,small
Lesotho,2010,1270.0,1996251.0,30360.0,46.20546,False,False,1.0,small
Liberia,2010,440.0,4058890.0,111370.0,71.02538,False,False,3.0,small
Libya,2010,11550.0,6497839.0,1759540.0,27.87211,False,False,6.0,small
Lithuania,2010,12430.0,3097282.0,65300.0,2.0,True,False,4.0,small
Luxembourg,2010,77640.0,506953.0,2590.0,0.00848,True,False,3.0,small
Madagascar,2010,450.0,22183340.0,587040.0,79.42789,False,False,0.0,medium
Malawi,2010,650.0,14826463.0,118480.0,63.84062,False,False,3.0,small
Maldives,2010,6000.0,360792.0,300.0,39.8625,False,False,0.0,small
Mali,2010,810.0,15945198.0,1240190.0,62.90255,False,False,7.0,small
Malta,2010,21390.0,414508.0,320.0,0.0375,True,False,0.0,small
Marshall Islands,2010,3820.0,52044.0,180.0,1.35,False,False,0.0,small
Mauritania,2010,1550.0,3390965.0,1030700.0,67.81021,False,False,4.0,small
Mauritius,2010,8200.0,1250400.0,2040.0,64.81973,False,False,0.0,small
Mexico,2010,9470.0,113623895.0,1964380.0,23.58776,False,True,3.0,large
Moldova,2010,2380.0,2862354.0,33850.0,12.3,False,False,2.0,small
Mongolia,2010,1990.0,2738622.0,1564120.0,37.7414,False,False,2.0,small
Montenegro,2010,6910.0,619428.0,13810.0,14.9,False,False,4.0,small
Morocco,2010,3190.0,32467016.0,446550.0,19.21482,False,False,3.0,medium
Mozambique,2010,550.0,22999235.0,799380.0,72.5272,False,False,6.0,medium
Myanmar,2010,880.0,49024382.0,676590.0,45.44474,False,False,5.0,medium
Namibia,2010,4520.0,2109811.0,824290.0,41.8117,False,False,4.0,small
Nauru,2010,5080.0,10043.0,20.0,1.35,False,False,0.0,small
Nepal,2010,530.0,27341952.0,147180.0,51.85024,False,False,2.0,medium
Netherlands,2010,54000.0,16615394.0,41540.0,0.0,True,False,2.0,small
New Zealand,2010,29750.0,4350700.0,267710.0,0.0,True,False,0.0,small
Nicaragua,2010,1490.0,5737450.0,130370.0,67.2,False,True,2.0,small
Niger,2010,510.0,16548835.0,1267000.0,70.32799,False,False,7.0,small
Nigeria,2010,2050.0,166642886.0,923770.0,61.54467,False,False,4.0,large
North Macedonia,2010,5010.0,1946298.0,25710.0,0.8,False,False,4.0,small
Norway,2010,88940.0,4889252.0,385178.0,0.0,True,True,3.0,small
Oman,2010,22510.0,2757446.0,309500.0,1.65,True,False,3.0,small
Pakistan,2010,1000.0,199239047.0,796100.0,63.59769,False,False,4.0,large
Palau,2010,10080.0,18396.0,460.0,1.05,False,False,0.0,small
Panama,2010,7500.0,3628535.0,75420.0,27.11846,False,True,2.0,small
Papua New Guinea,2010,1660.0,7633523.0,462840.0,20.9,False,False,1.0,small
Paraguay,2010,4410.0,5737971.0,406752.0,27.04143,False,False,3.0,small
Peru,2010,4400.0,29086019.0,1285220.0,38.16923,False,False,5.0,medium
Philippines,2010,2310.0,96337125.0,300000.0,42.94309,False,False,0.0,large
Poland,2010,12730.0,38042794.0,312680.0,0.55,True,False,7.0,medium
Portugal,2010,23030.0,10573100.0,92210.0,0.4,True,False,1.0,small
Romania,2010,8770.0,20246871.0,238390.0,2.95,False,False,5.0,medium
Russia,2010,9980.0,142849468.0,17098250.0,3.2,False,True,14.0,large
Rwanda,2010,590.0,10317553.0,26340.0,54.01458,False,False,4.0,small
Samoa,2010,3430.0,193023.0,2840.0,2.55,False,False,0.0,small
Sao Tome And Principe,2010,1090.0,181802.0,960.0,58.45879,False,False,0.0,small
Senegal,2010,1340.0,12635413.0,196710.0,49.37985,False,False,5.0,small
Serbia,2010,6500.0,7291436.0,88360.0,0.5,False,False,8.0,small
Seychelles,2010,10160.0,89770.0,460.0,64.81973,False,False,0.0,small
Sierra Leone,2010,690.0,6222714.0,72300.0,64.33467,False,False,2.0,small
Singapore,2010,44930.0,5076732.0,712.0,0.0,True,False,0.0,small
Slovakia,2010,17600.0,5391428.0,49037.0,0.05,True,False,5.0,small
Solomon Islands,2010,1600.0,532968.0,28900.0,6.05,False,False,0.0,small
Somalia,2010,290.0,12261756.0,637660.0,64.81973,False,False,3.0,small
South Africa,2010,6730.0,52344051.0,1219090.0,25.7055,False,True,6.0,large
Sri Lanka,2010,2360.0,20879089.0,65610.0,53.69789,False,False,0.0,medium
St. Lucia,2010,8240.0,170906.0,620.0,2.75,False,False,0.0,small
Sudan,2010,1230.0,35414399.0,2505810.0,88.91831,False,False,7.0,medium
Suriname,2010,7330.0,549923.0,163820.0,11.61526,False,False,3.0,small
Sweden,2010,54380.0,9378126.0,447420.11,0.15,True,False,2.0,small
Switzerland,2010,79040.0,7824909.0,41290.7,0.0,True,False,5.0,small
Syria,2010,2480.0,22482421.0,185180.0,26.99801,False,False,5.0,medium
Tanzania,2010,720.0,44758488.0,947300.0,60.03984,False,False,8.0,medium
Timor-Leste,2010,2870.0,1084679.0,14870.0,50.0,False,True,1.0,small
Togo,2010,740.0,6732590.0,56790.0,53.05546,False,False,3.0,small
Tonga,2010,3270.0,107400.0,750.0,1.25,False,False,0.0,small
Trinidad And Tobago,2010,16590.0,1317714.0,5130.0,8.72,True,False,0.0,small
Tunisia,2010,4140.0,10765980.0,163610.0,10.14415,False,False,2.0,small
Turkiye,2010,10460.0,73142150.0,785350.0,17.61119,False,False,8.0,large
Turkmenistan,2010,3720.0,5564356.0,488100.0,9.75714,False,False,4.0,small
Tuvalu,2010,4480.0,10614.0,30.0,1.45,False,False,0.0,small
Uganda,2010,680.0,32390802.0,241550.0,67.45666,False,False,5.0,medium
Ukraine,2010,2990.0,46456003.0,603550.0,2.5,False,False,7.0,medium
United Arab Emirates,2010,42380.0,6869838.0,98647.9,0.65,True,False,2.0,small
United Kingdom,2010,42010.0,62766365.0,243610.0,0.1,True,False,1.0,large
United States,2010,49180.0,309378227.0,9831510.0,0.2,True,False,0.0,large
Uruguay,2010,10930.0,3318580.0,176220.0,12.49857,False,False,2.0,small
Uzbekistan,2010,1420.0,28385506.0,444103.0,15.62992,False,False,5.0,medium
Vanuatu,2010,2580.0,238248.0,12190.0,4.25,False,False,0.0,small
Vietnam,2010,1370.0,87455152.0,330954.0,20.59749,False,False,3.0,large
Yemen,2010,1040.0,26754387.0,527970.0,50.70453,False,False,2.0,medium
Zambia,2010,1310.0,13965594.0,752610.0,56.02134,False,False,8.0,small
Zimbabwe,2010,640.0,13356548.0,390760.0,24.54498,False,False,4.0,small
Afghanistan,2012,640.0,30560034.0,652860.0,67.24795,False,False,6.0,large
Albania,2012,4430.0,2860708.0,28750.0,12.9,False,False,4.0,small
Algeria,2012,5630.0,37646166.0,2381740.0,28.88661,False,False,7.0,large
Angola,2012,4750.0,25177394.0,1246700.0,44.18648,False,False,4.0,large
Antigua And Barbuda,2012,14530.0,87260.0,440.0,2.6463,True,False,0.0,small
Argentina,2012,11770.0,42161721.0,2780400.0,15.93801,False,True,5.0,large
Armenia,2012,3700.0,3024100.0,29740.0,9.86181,False,False,4.0,small
Aruba,2012,23970.0,104110.0,180.0,0.0,True,False,0.0,small
Australia,2012,60500.0,22733465.0,7741220.0,0.065,True,True,0.0,large
Azerbaijan,2012,6440.0,9295784.0,86600.0,26.92667,False,False,5.0,large
Bangladesh,2012,950.0,155070101.0,148460.0,54.44584,False,False,2.0,large
Belgium,2012,47170.0,11106932.0,30528.0,0.0,True,False,4.0,large
Belize,2012,5330.0,334414.0,22970.0,15.74133,False,False,2.0,small
Benin,2012,1050.0,10397657.0,114760.0,69.50603,False,False,4.0,large
Bermuda,2012,101910.0,63646.0,54.0,0.1,True,False,0.0,small
Bhutan,2012,2620.0,717279.0,38394.0,52.94421,False,False,2.0,small
Bolivia,2012,2220.0,10515807.0,1098580.0,46.62568,False,False,5.0,large
Bosnia And Herzegovina,2012,4900.0,3670113.0,51210.0,4.3,False,False,3.0,medium
Botswana,2012,6910.0,2108617.0,581730.0,45.95664,False,False,4.0,small
Brazil,2012,12460.0,196876111.0,8515770.0,14.8971,False,False,10.0,large
Brunei,2012,41690.0,405557.0,5770.0,27.04235,True,False,1.0,small
Bulgaria,2012,7490.0,7305888.0,111000.0,0.15,False,False,5.0,large
Burkina Faso,2012,710.0,17172287.0,274220.0,48.81476,False,False,6.0,large
Burundi,2012,230.0,10071028.0,27830.0,55.59298,False,False,3.0,large
Cabo Verde,2012,3730.0,511955.0,4030.0,56.46129,False,False,0.0,small
Cambodia,2012,1110.0,14945085.0,181040.0,51.0,False,False,3.0,large
Cameroon,2012,1470.0,20809529.0,475440.0,45.74859,False,False,6.0,large
Canada,2012,51080.0,34713395.0,15640500.0,0.55,True,True,1.0,large
Cayman Islands,2012,51150.0,57136.0,264.0,4.15,True,False,0.0,small
Central African Republic,2012,540.0,4610848.0,622980.0,68.9131,False,False,6.0,medium
Chad,2012,1310.0,13210998.0,1284000.0,84.82007,False,False,6.0,large
Colombia,2012,7340.0,45715810.0,1141748.0,13.11016,False,True,5.0,large
Comoros,2012,1510.0,681630.0,1861.0,68.0461,False,False,0.0,small
Congo Dem. Rep,2012,380.0,73254618.0,2344860.0,75.13825,False,False,9.0,large
Costa Rica,2012,9330.0,4663934.0,51100.0,7.20581,False,True,2.0,medium
Cote D'Ivoire,2012,1140.0,23467078.0,322460.0,57.83274,False,False,5.0,large
Croatia,2012,13520.0,4260368.0,56590.0,0.3,True,False,5.0,medium
Cuba,2012,6090.0,11303175.0,109880.0,6.34787,False,False,0.0,large
Cyprus,2012,29760.0,1165397.0,9250.0,0.25,True,False,0.0,small
Czechia,2012,19650.0,10510785.0,78870.0,0.05,True,False,4.0,large
Denmark,2012,61570.0,5591572.0,42920.0,0.0,True,False,1.0,medium
Dominican Republic,2012,5700.0,10070411.0,48670.0,15.97552,False,False,1.0,large
Egypt,2012,2630.0,93161001.0,1001450.0,9.16517,False,True,4.0,large
El Salvador,2012,3280.0,6113975.0,21040.0,28.48286,False,False,2.0,medium
Equatorial Guinea,2012,11060.0,1293483.0,28050.0,61.41705,False,False,2.0,small
Estonia,2012,16910.0,1322696.0,45230.0,0.1,True,False,2.0,small
Eswatini,2012,4010.0,1123863.0,17360.0,25.65619,False,False,2.0,small
Ethiopia,2012,400.0,95798767.0,1136242.9,73.60011,False,False,6.0,large
Fiji,2012,3910.0,914918.0,18270.0,11.4,False,False,0.0,small
Finland,2012,48820.0,5413971.0,338420.0,0.0,True,False,3.0,medium
France,2012,43500.0,65657659.0,549087.0,0.0,True,False,8.0,large
Gabon,2012,8610.0,1846889.0,267670.0,46.2037,False,False,3.0,small
Gambia,2012,710.0,2043094.0,11300.0,46.10407,False,False,1.0,small
Georgia,2012,4250.0,3728874.0,69700.0,10.14694,False,False,4.0,medium
Germany,2012,47480.0,80425823.0,357170.0,0.0,True,False,9.0,large
Ghana,2012,1490.0,26734268.0,238540.0,40.20724,False,False,3.0,large
Greece,2012,22750.0,11045011.0,131960.0,0.05,True,False,4.0,large
Guatemala,2012,3090.0,15089647.0,108890.0,42.07621,False,True,4.0,large
Guinea,2012,680.0,10921581.0,245860.0,45.67042,False,False,6.0,large
Guinea-Bissau,2012,630.0,1651417.0,36130.0,75.24783,False,False,2.0,small
Guyana,2012,5350.0,746288.0,214970.0,18.7291,False,False,3.0,small
Haiti,2012,1320.0,10069771.0,27750.0,53.44951,False,False,1.0,large
Honduras,2012,1950.0,8715076.0,112490.0,33.88,False,True,3.0,large
Hungary,2012,13080.0,9920362.0,93030.0,7.9,True,False,7.0,large
Iceland,2012,42440.0,320716.0,103000.0,0.0,True,True,0.0,small
Indonesia,2012,3520.0,252698525.0,1910930.0,25.20051,False,True,3.0,large
Iran,2012,7310.0,79370580.0,1745150.0,52.94421,False,False,7.0,large
Iraq,2012,5980.0,33654842.0,435240.0,43.16104,False,False,6.0,large
Ireland,2012,41070.0,4599533.0,70280.0,7.7,True,False,1.0,medium
Italy,2012,35970.0,60191247.0,302069.0,0.02,True,False,6.0,large
Kazakhstan,2012,9640.0,17306106.0,2724902.0,7.75386,False,False,5.0,large
Kenya,2012,1060.0,43888303.0,580370.0,53.90611,False,False,5.0,large
Kiribati,2012,2630.0,112284.0,810.0,10.6,False,False,0.0,small
Kuwait,2012,50830.0,3337109.0,17820.0,0.0,True,False,2.0,small
Kyrgyzstan,2012,1030.0,5652076.0,199949.0,20.32696,False,False,4.0,medium
Laos,2012,1350.0,6518978.0,236800.0,33.8,False,False,5.0,medium
Latvia,2012,13430.0,2034319.0,64594.0,1.3,True,False,4.0,small
Lebanon,2012,8000.0,5235742.0,10450.0,17.08516,False,False,2.0,medium
Lesotho,2012,1490.0,2034354.0,30360.0,42.075,False,False,1.0,small
Liberia,2012,540.0,4373043.0,111370.0,69.24025,False,False,3.0,medium
Libya,2012,13310.0,6179328.0,1759540.0,24.29979,True,False,6.0,medium
Lithuania,2012,14040.0,2989139.0,65300.0,1.55,True,False,4.0,small
Luxembourg,2012,87950.0,530946.0,2590.0,0.01101,True,False,3.0,small
Madagascar,2012,470.0,23462438.0,587295.0,77.02633,False,False,0.0,large
Malawi,2012,650.0,15709577.0,118480.0,60.32659,False,False,3.0,large
Maldives,2012,6810.0,386818.0,300.0,38.7475,False,False,0.0,small
Mali,2012,830.0,16957033.0,1240190.0,58.7078,False,False,7.0,large
Malta,2012,22450.0,420028.0,320.0,0.0375,True,False,0.0,small
Marshall Islands,2012,3860.0,51419.0,180.0,1.0,False,False,0.0,small
Mauritania,2012,1800.0,3619034.0,1030700.0,64.43361,False,False,4.0,medium
Mauritius,2012,9690.0,1255882.0,2007.0,62.16985,False,False,0.0,small
Mexico,2012,10500.0,116818208.0,1964380.0,21.87272,False,True,3.0,large
Moldova,2012,3140.0,2860324.0,33850.0,9.4,False,False,2.0,small
Mongolia,2012,3630.0,2839705.0,1564120.0,33.76886,False,False,2.0,small
Montenegro,2012,6980.0,621418.0,13810.0,13.6,False,False,4.0,small
Morocco,2012,3230.0,33355241.0,446550.0,16.42684,False,False,3.0,large
Mozambique,2012,630.0,24337846.0,799380.0,69.01354,False,False,6.0,large
Myanmar,2012,1170.0,49837446.0,676590.0,48.65382,False,False,5.0,large
Namibia,2012,5730.0,2194654.0,824290.0,41.66268,False,False,4.0,small
Nauru,2012,9650.0,10267.0,20.0,0.9,False,False,0.0,small
Nepal,2012,750.0,27534915.0,147180.0,48.95823,False,False,2.0,large
Netherlands,2012,52070.0,16754962.0,41540.0,0.0,True,False,2.0,large
New Zealand,2012,36780.0,4408100.0,267710.0,0.0,True,False,0.0,medium
Nicaragua,2012,1700.0,5901287.0,130370.0,7.2549,False,True,2.0,medium
Niger,2012,550.0,17836769.0,1267000.0,70.38598,False,False,7.0,large
Nigeria,2012,2360.0,176200625.0,923770.0,59.03215,False,False,4.0,large
North Macedonia,2012,5090.0,1929821.0,25710.0,0.65,False,False,4.0,small
Norway,2012,99750.0,5018573.0,385178.0,0.0,True,True,3.0,medium
Oman,2012,21960.0,3547106.0,309500.0,1.0,True,False,3.0,medium
Pakistan,2012,1110.0,207667125.0,796100.0,62.0729,False,False,4.0,large
Palau,2012,11320.0,17765.0,460.0,0.85,False,False,0.0,small
Panama,2012,9870.0,3759256.0,75420.0,22.80692,False,True,2.0,medium
Papua New Guinea,2012,2150.0,8081390.0,462840.0,21.3,False,False,1.0,large
Paraguay,2012,5170.0,5897008.0,406752.0,24.04429,False,False,3.0,medium
Peru,2012,5780.0,29550366.0,1285220.0,46.08282,False,False,5.0,large
Philippines,2012,2780.0,100175512.0,300000.0,41.53699,False,False,0.0,large
Poland,2012,13170.0,38063164.0,312680.0,0.25,True,False,7.0,large
Portugal,2012,21220.0,10514844.0,92210.0,0.25,True,False,1.0,large
Qatar,2012,92500.0,1722438.0,11610.0,0.0,True,False,1.0,small
Romania,2012,9260.0,20058035.0,238390.0,2.65,False,False,5.0,large
Russia,2012,13470.0,143378447.0,17098250.0,3.15,True,True,14.0,large
Rwanda,2012,690.0,10829901.0,26340.0,50.53339,False,False,4.0,large
Samoa,2012,3590.0,196498.0,2840.0,1.85,False,False,0.0,small
Sao Tome And Principe,2012,1160.0,189439.0,960.0,56.52039,False,False,0.0,small
Senegal,2012,1320.0,13310495.0,196710.0,45.82485,False,False,5.0,large
Serbia,2012,6310.0,7201497.0,88360.0,0.5,False,False,8.0,large
Seychelles,2012,12540.0,88303.0,460.0,62.16985,False,False,0.0,small
Sierra Leone,2012,830.0,6551080.0,72300.0,61.59705,False,False,2.0,medium
Singapore,2012,51710.0,5312437.0,716.0,0.0,True,False,0.0,medium
Slovakia,2012,17830.0,5407579.0,49036.0,0.05,True,False,5.0,medium
Solomon Islands,2012,1820.0,573606.0,28900.0,4.6,False,False,0.0,small
Somalia,2012,280.0,12461160.0,637660.0,62.16985,False,False,3.0,large
South Africa,2012,8220.0,53782567.0,1219090.0,25.32466,False,True,6.0,large
South Sudan,2012,800.0,10756240.0,646883.0,94.20176,False,False,6.0,large
Sri Lanka,2012,3340.0,21169458.0,65610.0,52.94421,False,False,0.0,large
St. Lucia,2012,9000.0,172587.0,620.0,2.2,False,False,0.0,small
Sudan,2012,1120.0,36923178.0,1878000.0,83.8333,False,False,7.0,large
Suriname,2012,8220.0,562633.0,163820.0,12.45228,False,False,3.0,small
Sweden,2012,58840.0,9519374.0,447420.11,0.15,True,False,2.0,large
Switzerland,2012,86720.0,7996861.0,41290.7,0.0,True,False,5.0,large
Syria,2012,1980.0,22759763.0,185180.0,25.43429,False,False,5.0,large
Tanzania,2012,810.0,47374260.0,947300.0,55.78221,False,False,8.0,large
Timor-Leste,2012,3570.0,1134885.0,14870.0,46.0,False,True,1.0,small
Togo,2012,790.0,7100736.0,56790.0,49.81214,False,False,3.0,large
Tonga,2012,4130.0,107460.0,750.0,1.1,False,False,0.0,small
Trinidad And Tobago,2012,17960.0,1335194.0,5130.0,7.94,True,False,0.0,small
Tunisia,2012,4250.0,11009647.0,163610.0,9.64392,False,False,2.0,large
Turkiye,2012,11950.0,75175827.0,785350.0,16.21716,False,False,8.0,large
Turkmenistan,2012,5040.0,5808546.0,488100.0,9.50701,False,False,4.0,medium
Tuvalu,2012,4440.0,10934.0,30.0,0.35,False,False,0.0,small
Uganda,2012,830.0,34337438.0,241550.0,64.76776,False,False,5.0,large
Ukraine,2012,3600.0,46210056.0,603550.0,1.8,False,False,7.0,large
United Arab Emirates,2012,51180.0,7391448.0,98647.9,0.5,True,False,2.0,large
United Kingdom,2012,41940.0,63711000.0,243610.0,0.1,True,False,1.0,large
United States,2012,52610.0,314339099.0,9831510.0,0.2,True,False,0.0,large
Uruguay,2012,14230.0,3335401.0,176220.0,8.77286,True,False,2.0,medium
Uzbekistan,2012,2200.0,29261903.0,444103.0,12.83512,False,False,5.0,large
Vanuatu,2012,2840.0,248883.0,12190.0,4.15,False,False,0.0,small
Vietnam,2012,1980.0,89510356.0,330951.0,15.65365,False,False,3.0,large
Yemen,2012,1080.0,28433647.0,527970.0,48.083,False,False,2.0,large
Zambia,2012,1640.0,14913629.0,752610.0,54.4687,False,False,8.0,large
Zimbabwe,2012,1150.0,13817887.0,390760.0,23.94962,False,False,4.0,large
Afghanistan,2014,640.0,32792523.0,652860.0,69.68829,False,False,6.0,large
Albania,2014,4750.0,2773767.0,28750.0,10.3,False,False,4.0,medium
Algeria,2014,6030.0,39205031.0,2381740.0,24.98121,False,False,7.0,large
Angola,2014,5430.0,27160769.0,1246700.0,50.31801,False,False,4.0,large
Antigua And Barbuda,2014,14830.0,88765.0,440.0,2.6463,True,False,0.0,medium
Argentina,2014,12240.0,43024071.0,2780400.0,15.2,False,True,5.0,large
Armenia,2014,4000.0,3013800.0,29740.0,9.37278,False,False,4.0,large
Aruba,2014,25260.0,106807.0,180.0,0.0,True,False,0.0,medium
Australia,2014,65500.0,23475686.0,7741220.0,0.045,True,True,0.0,large
Bangladesh,2014,1080.0,157964929.0,147630.0,53.80168,False,False,2.0,large
Belgium,2014,48050.0,11209057.0,30528.0,0.0,True,False,4.0,large
Belize,2014,5670.0,348923.0,22970.0,15.73733,False,False,2.0,medium
Benin,2014,1180.0,11030004.0,114760.0,69.11276,False,False,4.0,large
Bermuda,2014,102450.0,63529.0,4290.0,0.1,True,False,0.0,small
Bhutan,2014,2670.0,733139.0,38394.0,52.19329,False,False,2.0,medium
Bolivia,2014,2800.0,10848888.0,1098580.0,46.62568,False,False,5.0,large
Bosnia And Herzegovina,2014,5180.0,3564829.0,51210.0,4.0,False,False,3.0,large
Botswana,2014,6990.0,2172044.0,581730.0,43.83402,False,False,4.0,medium
Brazil,2014,12280.0,200085127.0,8515770.0,14.8971,False,False,10.0,large
Brunei,2014,42370.0,416750.0,5770.0,25.29948,True,False,1.0,medium
Bulgaria,2014,7850.0,7073572.0,111000.0,0.2,False,False,5.0,large
Burkina Faso,2014,730.0,18229461.0,274220.0,43.24863,False,False,6.0,large
Burundi,2014,240.0,10799785.0,27830.0,50.23046,False,False,3.0,large
Cabo Verde,2014,3750.0,512326.0,4030.0,53.93736,False,False,0.0,medium
Cambodia,2014,1330.0,15396772.0,181040.0,45.4,False,False,3.0,large
Cameroon,2014,1570.0,22059893.0,475440.0,42.47939,False,False,6.0,large
Canada,2014,52200.0,35434066.0,15640500.0,0.65,True,True,1.0,large
Cayman Islands,2014,43420.0,60160.0,264.0,4.15,True,False,0.0,small
Central African Republic,2014,380.0,4623182.0,622980.0,68.9131,False,False,6.0,large
Chad,2014,1260.0,14188678.0,1284000.0,83.69279,False,False,6.0,large
Colombia,2014,8280.0,46565429.0,1141749.0,11.76571,False,True,5.0,large
Comoros,2014,1590.0,711503.0,1861.0,68.63803,False,False,0.0,medium
Congo Dem. Rep,2014,440.0,78403242.0,2344860.0,76.0594,False,False,9.0,large
Costa Rica,2014,10410.0,4767119.0,51100.0,6.29079,False,True,2.0,large
Cote D'Ivoire,2014,1860.0,24527395.0,322460.0,56.2921,False,False,5.0,large
Croatia,2014,13810.0,4201598.0,88073.0,0.3,True,False,5.0,large
Cuba,2014,6850.0,11285775.0,109880.0,7.3964,False,False,0.0,large
Cyprus,2014,26350.0,1201801.0,9251.0,0.25,True,False,0.0,medium
Czechia,2014,19080.0,10525347.0,78870.0,0.05,True,False,4.0,large
Denmark,2014,63650.0,5643475.0,42920.0,0.0,True,False,1.0,large
Dominican Republic,2014,6230.0,10315528.0,48670.0,13.6122,False,False,1.0,large
Egypt,2014,3000.0,97528654.0,1001450.0,3.655,False,True,4.0,large
El Salvador,2014,3480.0,6162955.0,21040.0,22.48,False,False,2.0,large
Equatorial Guinea,2014,10610.0,1399828.0,28050.0,62.38752,False,False,2.0,medium
Estonia,2014,19210.0,1314545.0,45340.0,0.1,True,False,2.0,medium
Eswatini,2014,3890.0,1136299.0,17360.0,18.23219,False,False,2.0,medium
Ethiopia,2014,530.0,101115610.0,1136243.2,70.50487,False,False,6.0,large
Fiji,2014,4740.0,917585.0,18270.0,10.4,False,False,0.0,medium
Finland,2014,49210.0,5461512.0,338420.0,0.0,True,False,3.0,large
France,2014,43470.0,66312067.0,549087.0,0.0,True,False,8.0,large
Gabon,2014,8880.0,1978399.0,267670.0,44.33265,False,False,3.0,medium
Gambia,2014,600.0,2164528.0,11300.0,44.30132,False,False,1.0,medium
Georgia,2014,4850.0,3719414.0,69700.0,9.37997,False,False,4.0,large
Germany,2014,48610.0,80982500.0,357380.0,0.0,True,False,9.0,large
Ghana,2014,1830.0,28041592.0,238540.0,36.84704,False,False,3.0,large
Guatemala,2014,3460.0,15681725.0,108890.0,39.83957,False,True,4.0,large
Guinea,2014,730.0,11472924.0,245860.0,46.5046,False,False,6.0,large
Guinea-Bissau,2014,660.0,1741122.0,36130.0,71.63847,False,False,2.0,medium
Guyana,2014,5640.0,754229.0,214970.0,17.08187,False,False,3.0,medium
Haiti,2014,1460.0,10373235.0,27750.0,52.14388,False,False,1.0,large
Honduras,2014,1980.0,9063122.0,112490.0,31.54,False,True,3.0,large
Hungary,2014,13630.0,9833038.0,93030.0,7.2,True,False,7.0,large
Iceland,2014,50120.0,327386.0,103000.0,0.0,True,True,0.0,medium
Indonesia,2014,3570.0,258877399.0,1910931.0,23.54632,False,True,3.0,large
Iran,2014,6660.0,81502045.0,1745150.0,52.19329,False,False,7.0,large
Iraq,2014,6440.0,36550059.0,435052.0,44.70552,False,False,6.0,large
Ireland,2014,47580.0,4657740.0,70280.0,8.0,True,False,1.0,large
Italy,2014,35370.0,60320707.0,302069.0,0.02,True,False,6.0,large
Jordan,2014,3980.0,8791710.0,89320.0,12.9,False,False,5.0,large
Kazakhstan,2014,11720.0,17816285.0,2724902.0,4.96982,False,False,5.0,large
Kenya,2014,1250.0,46051440.0,580370.0,52.35971,False,False,5.0,large
Kiribati,2014,3260.0,115326.0,810.0,9.35,False,False,0.0,medium
Kuwait,2014,51350.0,3665876.0,17820.0,0.0,True,False,2.0,large
Kyrgyzstan,2014,1230.0,5905848.0,199949.0,15.85505,False,False,4.0,large
Laos,2014,1810.0,6703172.0,236800.0,30.4,False,False,5.0,large
Latvia,2014,14810.0,1993782.0,64594.0,1.05,True,False,4.0,medium
Lebanon,2014,7440.0,6346990.0,10450.0,4.5,False,False,2.0,large
Lesotho,2014,1330.0,2080089.0,30360.0,37.94455,False,False,1.0,medium
Liberia,2014,620.0,4564293.0,111370.0,67.45511,False,False,3.0,large
Libya,2014,9130.0,6427252.0,1759540.0,20.2535,False,False,6.0,large
Lithuania,2014,16020.0,2937253.0,65286.0,1.1,True,False,4.0,large
Luxembourg,2014,86760.0,556319.0,2590.0,0.01354,True,False,3.0,medium
Madagascar,2014,500.0,24764348.0,587295.0,74.62477,False,False,0.0,large
Malawi,2014,530.0,16621538.0,118480.0,56.81257,False,False,3.0,large
Maldives,2014,7720.0,413617.0,300.0,37.6325,False,False,0.0,medium
Mali,2014,900.0,18020267.0,1240190.0,54.51306,False,False,7.0,large
Malta,2014,24590.0,433481.0,320.0,0.0375,True,False,0.0,medium
Marshall Islands,2014,4560.0,49796.0,180.0,0.75,False,False,0.0,small
Mauritania,2014,1780.0,3848514.0,1030700.0,61.05702,False,False,4.0,large
Mauritius,2014,10710.0,1261208.0,2007.0,59.52948,False,False,0.0,medium
Mexico,2014,10950.0,119784261.0,1964375.0,20.15767,False,True,3.0,large
Moldova,2014,3730.0,2857815.0,33850.0,6.5,False,False,2.0,large
Mongolia,2014,4180.0,2963113.0,1564120.0,29.79631,False,False,2.0,large
Montenegro,2014,7280.0,623744.0,13810.0,12.4,False,False,4.0,medium
Morocco,2014,3330.0,34204780.0,446550.0,13.63886,False,False,3.0,large
Mozambique,2014,710.0,25788475.0,799380.0,65.49988,False,False,6.0,large
Myanmar,2014,1260.0,50681634.0,676590.0,51.8629,False,False,5.0,large
Namibia,2014,5690.0,2312139.0,824290.0,41.51365,False,False,4.0,medium
Nauru,2014,12530.0,10742.0,20.0,0.55,False,False,0.0,small
Nepal,2014,860.0,27672370.0,147180.0,46.06622,False,False,2.0,large
Netherlands,2014,52220.0,16865008.0,41540.0,0.0,True,False,2.0,large
New Zealand,2014,41720.0,4516500.0,267710.0,0.0,True,False,0.0,large
Nicaragua,2014,1850.0,6066492.0,130370.0,6.3867,False,True,2.0,large
Niger,2014,590.0,19215909.0,1267000.0,70.44397,False,False,7.0,large
Nigeria,2014,2870.0,185896915.0,923770.0,56.51963,False,False,4.0,large
North Macedonia,2014,5630.0,1917557.0,25710.0,0.5,False,False,4.0,medium
Norway,2014,105070.0,5137232.0,625222.0,0.0,True,True,3.0,large
Oman,2014,22060.0,4002439.0,309500.0,0.5,True,False,3.0,large
Pakistan,2014,1250.0,214264647.0,796100.0,60.5481,False,False,4.0,large
Palau,2014,12740.0,17715.0,460.0,0.65,True,False,0.0,small
Panama,2014,11520.0,3892101.0,75320.0,18.49538,False,True,2.0,large
Papua New Guinea,2014,2790.0,8523441.0,462840.0,21.65,False,False,1.0,large
Paraguay,2014,6290.0,6069811.0,406752.0,21.04714,False,False,3.0,large
Peru,2014,6520.0,30115826.0,1285220.0,47.05334,False,False,5.0,large
Philippines,2014,3220.0,103767130.0,300000.0,40.13089,False,False,0.0,large
Poland,2014,13540.0,38011735.0,312680.0,0.05,True,False,7.0,large
Portugal,2014,21210.0,10401062.0,92225.6,0.15,True,False,1.0,large
Qatar,2014,92440.0,2151745.0,11490.0,0.0,True,False,1.0,medium
Romania,2014,9760.0,19908979.0,238400.0,2.4,False,False,5.0,large
Russia,2014,14590.0,144237223.0,17098250.0,3.0,True,True,14.0,large
Rwanda,2014,720.0,11364757.0,26340.0,47.0522,False,False,4.0,large
Samoa,2014,3830.0,200037.0,2840.0,1.15,False,False,0.0,medium
Sao Tome And Principe,2014,1430.0,196767.0,960.0,54.58198,False,False,0.0,medium
Senegal,2014,1370.0,14152102.0,196710.0,42.26985,False,False,5.0,large
Serbia,2014,6450.0,7131787.0,88360.0,0.45,False,False,8.0,large
Seychelles,2014,13340.0,91359.0,460.0,59.52948,True,False,0.0,medium
Sierra Leone,2014,970.0,6876385.0,72300.0,58.85944,False,False,2.0,large
Singapore,2014,56380.0,5469724.0,719.0,0.0,True,False,0.0,large
Slovakia,2014,18380.0,5418649.0,49030.0,0.05,True,False,5.0,large
Solomon Islands,2014,2090.0,616908.0,28900.0,3.15,False,False,0.0,medium
Somalia,2014,410.0,13339491.0,637660.0,59.52948,False,False,3.0,large
South Africa,2014,7230.0,55594838.0,1219090.0,24.94382,False,True,6.0,large
South Sudan,2014,1170.0,11235073.0,646883.0,94.2,False,False,6.0,large
Spain,2014,29350.0,46460733.0,505940.0,0.05,True,False,5.0,large
Sri Lanka,2014,3810.0,20778000.0,65610.0,52.19329,False,False,0.0,large
St. Lucia,2014,9040.0,174138.0,620.0,1.6,False,False,0.0,medium
Sudan,2014,1130.0,38823318.0,1878000.0,78.74829,False,False,7.0,large
Suriname,2014,8900.0,575373.0,163820.0,13.2893,False,False,3.0,medium
Sweden,2014,61350.0,9696110.0,528447.52,0.15,True,False,2.0,large
Switzerland,2014,88250.0,8188649.0,41290.7,0.0,True,False,5.0,large
Syria,2014,1070.0,20273659.0,185180.0,24.12942,False,False,5.0,large
Tanzania,2014,970.0,50351512.0,947300.0,51.52457,False,False,8.0,large
Timor-Leste,2014,2700.0,1181903.0,14870.0,42.0,False,True,1.0,medium
Togo,2014,850.0,7472450.0,56790.0,46.56882,False,False,3.0,large
Tonga,2014,4360.0,106609.0,750.0,0.95,False,False,0.0,medium
Trinidad And Tobago,2014,20620.0,1345343.0,5130.0,7.5,True,False,0.0,medium
Tunisia,2014,4310.0,11274288.0,163610.0,9.14369,False,False,2.0,large
Turkiye,2014,12670.0,77181884.0,785350.0,14.82313,False,False,8.0,large
Turkmenistan,2014,6480.0,6075283.0,488100.0,9.25688,False,False,4.0,large
Tuvalu,2014,4750.0,10984.0,30.0,1.2058,False,False,0.0,small
Uganda,2014,830.0,36395539.0,241550.0,62.07886,False,False,5.0,large
Ukraine,2014,3500.0,45972380.0,603550.0,1.1,False,False,7.0,large
United Arab Emirates,2014,53360.0,8059440.0,98647.9,0.4,True,False,2.0,large
United Kingdom,2014,44780.0,64620000.0,243610.0,0.1,True,False,1.0,large
United States,2014,55600.0,319257560.0,9831510.0,0.2,True,False,0.0,large
Uruguay,2014,17140.0,3356334.0,176220.0,5.04714,True,False,2.0,large
Uzbekistan,2014,2650.0,30222994.0,444103.0,10.05116,False,False,5.0,large
Vanuatu,2014,3030.0,260240.0,12190.0,4.0,False,False,0.0,medium
Vietnam,2014,2390.0,91679578.0,331230.0,10.70982,False,False,3.0,large
Yemen,2014,1250.0,30226309.0,527970.0,45.46147,False,False,2.0,large
Zambia,2014,1740.0,15895315.0,752610.0,52.91605,False,False,8.0,large
Zimbabwe,2014,1270.0,14207359.0,390760.0,23.35427,False,False,4.0,large
Afghanistan,2016,560.0,34700612.0,652860.0,72.12863,False,False,6.0,large
Albania,2016,4670.0,2689469.0,28750.0,7.8,False,False,4.0,medium
Algeria,2016,4920.0,40850721.0,2381741.0,21.07581,False,False,7.0,large
Angola,2016,2910.0,29183070.0,1246700.0,56.44953,False,False,4.0,large
Antigua And Barbuda,2016,15080.0,89969.0,440.0,2.6463,True,False,0.0,medium
Argentina,2016,12130.0,43900313.0,2780400.0,14.5,False,True,5.0,large
Armenia,2016,3690.0,2992300.0,29740.0,8.88375,False,False,4.0,large
Aruba,2016,25560.0,108727.0,180.0,0.0,True,False,0.0,medium
Australia,2016,54330.0,24190907.0,7741220.0,0.035,True,True,0.0,large
Bangladesh,2016,1400.0,160811932.0,147630.0,53.15752,False,False,2.0,large
Belgium,2016,43240.0,11331422.0,30528.0,0.0,True,False,4.0,large
Belize,2016,5640.0,364705.0,22970.0,15.73333,False,False,2.0,medium
Benin,2016,1040.0,11697842.0,114760.0,68.71948,False,False,4.0,large
Bermuda,2016,105430.0,63449.0,4290.0,0.1,True,False,0.0,small
Bhutan,2016,2880.0,747866.0,38394.0,51.44004,False,False,2.0,medium
Bosnia And Herzegovina,2016,5070.0,3473003.0,51210.0,4.0,False,False,3.0,large
Botswana,2016,6060.0,2234776.0,581730.0,41.71139,False,False,4.0,medium
Brazil,2016,9050.0,203218114.0,8515770.0,14.8971,False,False,10.0,large
Brunei,2016,32570.0,427564.0,5770.0,23.5391,True,False,1.0,medium
Bulgaria,2016,7630.0,6894139.0,111000.0,0.2,False,False,5.0,large
Burkina Faso,2016,650.0,19334856.0,274220.0,37.6825,False,False,6.0,large
Burundi,2016,240.0,11239451.0,27830.0,44.86794,False,False,3.0,large
Cabo Verde,2016,3580.0,512554.0,4030.0,51.40312,False,False,0.0,medium
Cambodia,2016,1550.0,15852803.0,181040.0,39.7,False,False,3.0,large
Cameroon,2016,1470.0,23454161.0,475440.0,39.21019,False,False,6.0,large
Canada,2016,43900.0,36110803.0,15640500.0,0.7,True,True,1.0,large
Cayman Islands,2016,47830.0,63100.0,264.0,4.15,True,False,0.0,small
Central African Republic,2016,400.0,4713663.0,622980.0,68.9131,False,False,6.0,large
Chad,2016,940.0,15114655.0,1284000.0,82.56551,False,False,6.0,large
Colombia,2016,6560.0,47437512.0,1141749.0,10.42127,False,True,5.0,large
Comoros,2016,1410.0,741741.0,1861.0,68.6,False,False,0.0,medium
Congo Dem. Rep,2016,460.0,83956415.0,2344860.0,76.98054,False,False,9.0,large
Costa Rica,2016,11170.0,4866998.0,51100.0,5.37577,False,True,2.0,large
Cote D'Ivoire,2016,1880.0,25989405.0,322460.0,54.75146,False,False,5.0,large
Croatia,2016,13080.0,4106867.0,88073.0,0.25,True,False,5.0,large
Cuba,2016,7530.0,11265612.0,109880.0,8.44494,False,False,0.0,large
Cyprus,2016,24400.0,1237112.0,9251.0,0.3,True,False,0.0,medium
Czechia,2016,17660.0,10566332.0,78870.0,0.05,True,False,4.0,large
Denmark,2016,57830.0,5728010.0,42920.0,0.0,True,False,1.0,large
Djibouti,2016,2370.0,1037653.0,23200.0,56.84264,False,False,3.0,medium
Dominican Republic,2016,6750.0,10551430.0,48670.0,11.24888,False,False,1.0,large
Egypt,2016,3200.0,101644589.0,1001450.0,0.89992,False,True,4.0,large
El Salvador,2016,3600.0,6200800.0,21040.0,16.47714,False,False,2.0,large
Equatorial Guinea,2016,6660.0,1508186.0,28050.0,63.47137,False,False,2.0,medium
Estonia,2016,18640.0,1315790.0,45340.0,0.1,True,False,2.0,medium
Eswatini,2016,3270.0,1149507.0,17360.0,10.8082,False,False,2.0,medium
Ethiopia,2016,620.0,106718162.0,1136242.7,67.40962,False,False,6.0,large
Fiji,2016,5010.0,919166.0,18270.0,9.4,False,False,0.0,medium
Finland,2016,45160.0,5495303.0,338450.0,0.0,True,False,3.0,large
France,2016,39020.0,66724104.0,549087.0,0.0,True,False,8.0,large
Gabon,2016,6770.0,2100306.0,267670.0,44.33265,False,False,3.0,medium
Gambia,2016,590.0,2283769.0,11300.0,42.49858,False,False,1.0,medium
Georgia,2016,4180.0,3727505.0,69700.0,8.61301,False,False,4.0,large
Germany,2016,45340.0,82348669.0,357580.0,0.0,True,False,9.0,large
Ghana,2016,1760.0,29356742.0,238540.0,33.48685,False,False,3.0,large
Guatemala,2016,3760.0,16268760.0,108890.0,37.60292,False,True,4.0,large
Guinea,2016,760.0,12073030.0,245860.0,47.33878,False,False,6.0,large
Guinea-Bissau,2016,670.0,1831893.0,36130.0,68.0291,False,False,2.0,medium
Guyana,2016,5610.0,763548.0,214970.0,15.43465,False,False,3.0,medium
Haiti,2016,1380.0,10671457.0,27750.0,50.83825,False,False,1.0,large
Honduras,2016,2090.0,9412380.0,112490.0,31.5,False,True,3.0,large
Hungary,2016,13230.0,9759755.0,93030.0,7.2,True,False,7.0,large
Iceland,2016,58410.0,335439.0,103000.0,0.0,True,True,0.0,medium
Indonesia,2016,3370.0,264627418.0,1913580.0,21.89212,False,True,3.0,large
Iran,2016,5530.0,83812228.0,1745150.0,51.44004,False,False,7.0,large
Iraq,2016,5060.0,38469627.0,435052.0,46.24999,False,False,6.0,large
Ireland,2016,52880.0,4762722.0,70280.0,8.3,True,False,1.0,large
Italy,2016,32400.0,60115223.0,302069.0,0.02,True,False,6.0,large
Jordan,2016,3810.0,10006367.0,89320.0,23.4,False,False,5.0,large
Kazakhstan,2016,8500.0,18363600.0,2724902.0,2.18578,False,False,5.0,large
Kenya,2016,1490.0,48139687.0,580370.0,50.81331,False,False,5.0,large
Kiribati,2016,2990.0,118478.0,810.0,8.1,False,False,0.0,medium
Kuwait,2016,34920.0,4004096.0,17820.0,0.0,True,False,2.0,large
Kyrgyzstan,2016,1090.0,6175338.0,199950.0,11.38314,False,False,4.0,large
Laos,2016,2110.0,6908802.0,236800.0,27.0,False,False,5.0,large
Latvia,2016,14300.0,1959537.0,64594.0,0.8,True,False,4.0,medium
Lebanon,2016,7670.0,6323060.0,10450.0,4.5,False,False,2.0,large
Lesotho,2016,1240.0,2130422.0,30360.0,33.81409,False,False,1.0,medium
Liberia,2016,610.0,4755608.0,111370.0,65.66997,False,False,3.0,large
Libya,2016,7670.0,6632126.0,1759540.0,17.23863,False,False,6.0,large
Lithuania,2016,14890.0,2877325.0,65286.0,0.65,True,False,4.0,large
Luxembourg,2016,73730.0,582014.0,2590.0,0.01606,True,False,3.0,medium
Madagascar,2016,450.0,26099952.0,587295.0,72.22321,False,False,0.0,large
Malawi,2016,490.0,17557739.0,118480.0,53.29854,False,False,3.0,large
Maldives,2016,8720.0,443308.0,300.0,36.5175,False,False,0.0,medium
Mali,2016,870.0,19191289.0,1240190.0,50.31832,False,False,7.0,large
Malta,2016,23820.0,454505.0,320.0,0.0375,True,False,0.0,medium
Marshall Islands,2016,5060.0,47709.0,180.0,0.45,False,False,0.0,small
Mauritania,2016,1540.0,4086657.0,1030700.0,57.68042,False,False,4.0,large
Mauritius,2016,10650.0,1263747.0,2007.0,56.84264,False,False,0.0,medium
Mexico,2016,9740.0,122251351.0,1964375.0,18.44263,False,True,3.0,large
Moldova,2016,3170.0,2803186.0,33850.0,6.5,False,False,2.0,medium
Mongolia,2016,3460.0,3088856.0,1564120.0,25.82377,False,False,2.0,large
Montenegro,2016,7020.0,625353.0,13810.0,11.2,False,False,4.0,medium
Morocco,2016,3150.0,35023457.0,446550.0,10.85088,False,False,3.0,large
Mozambique,2016,550.0,27337105.0,799380.0,61.98622,False,False,6.0,large
Myanmar,2016,1230.0,51495696.0,676590.0,55.07197,False,False,5.0,large
Namibia,2016,4580.0,2439213.0,824290.0,41.36463,False,False,4.0,medium
Nauru,2016,11680.0,11150.0,20.0,0.55,False,False,0.0,small
Nepal,2016,860.0,27955462.0,147180.0,43.17421,False,False,2.0,large
Netherlands,2016,46960.0,17030314.0,41540.0,0.0,True,False,2.0,large
New Zealand,2016,39460.0,4714100.0,267710.0,0.0,True,False,0.0,large
Nicaragua,2016,1980.0,6232666.0,130370.0,5.5185,False,True,2.0,large
Niger,2016,530.0,20685753.0,1267000.0,70.44397,False,False,7.0,large
Nigeria,2016,2370.0,195443700.0,923770.0,54.00711,False,False,4.0,large
North Macedonia,2016,5440.0,1906313.0,25710.0,0.3,False,False,4.0,medium
Norway,2016,81870.0,5234519.0,625194.0,0.0,True,True,3.0,large
Oman,2016,18550.0,4390877.0,309500.0,0.3,True,False,3.0,large
Pakistan,2016,1360.0,220138869.0,796100.0,59.0233,False,False,4.0,large
Palau,2016,15000.0,17797.0,460.0,0.4,True,False,0.0,small
Panama,2016,13180.0,4029086.0,75320.0,16.3,True,True,2.0,large
Papua New Guinea,2016,2410.0,8961718.0,462840.0,22.0,False,False,1.0,large
Paraguay,2016,5880.0,6249126.0,406752.0,18.05,False,False,3.0,large
Peru,2016,6130.0,30866494.0,1285220.0,45.86166,False,False,5.0,large
Philippines,2016,3350.0,106735719.0,300000.0,38.7248,False,False,0.0,large
Poland,2016,12740.0,37970087.0,312680.0,4.5,True,False,7.0,large
Portugal,2016,19950.0,10325452.0,92225.6,0.1,True,False,1.0,large
Qatar,2016,69170.0,2477113.0,11490.0,0.0,True,False,1.0,medium
Romania,2016,9460.0,19702267.0,238400.0,2.1,False,False,5.0,large
Russia,2016,9680.0,145015460.0,17098250.0,2.9,False,True,14.0,large
Rwanda,2016,730.0,11919183.0,26340.0,43.57101,False,False,4.0,large
Samoa,2016,4120.0,203499.0,2840.0,0.5,False,False,0.0,medium
Sao Tome And Principe,2016,1420.0,203689.0,960.0,52.64358,False,False,0.0,medium
Senegal,2016,1270.0,15034521.0,196710.0,38.71484,False,False,5.0,large
Serbia,2016,5920.0,7058322.0,88360.0,0.45,False,False,8.0,large
Seychelles,2016,15630.0,94677.0,460.0,56.84264,True,False,0.0,medium
Sierra Leone,2016,930.0,7205328.0,72300.0,56.12183,False,False,2.0,large
Singapore,2016,53470.0,5607283.0,719.0,0.0,True,False,0.0,large
Slovakia,2016,16900.0,5430798.0,49030.0,0.05,True,False,5.0,large
Solomon Islands,2016,2000.0,662379.0,28900.0,2.0,False,False,0.0,medium
Somalia,2016,450.0,14348740.0,637660.0,56.84264,False,False,3.0,large
South Africa,2016,5880.0,57259551.0,1219090.0,24.56298,False,True,6.0,large
Spain,2016,27760.0,46458139.0,505935.0,0.05,True,False,5.0,large
Sri Lanka,2016,4020.0,21209000.0,65610.0,51.44004,False,False,0.0,large
St. Lucia,2016,9710.0,175646.0,620.0,1.05,False,False,0.0,medium
Sudan,2016,1140.0,41259892.0,1878000.0,73.66328,False,False,7.0,large
Suriname,2016,6660.0,587757.0,163820.0,14.12632,False,False,3.0,medium
Sweden,2016,53850.0,9923085.0,528449.29,0.1,True,False,2.0,large
Switzerland,2016,83360.0,8373338.0,41290.7,0.0,True,False,5.0,large
Syria,2016,750.0,19193834.0,185180.0,23.91932,False,False,5.0,large
Tajikistan,2016,1090.0,8865631.0,141380.0,0.05,False,False,4.0,large
Tanzania,2016,960.0,53824013.0,947300.0,47.26693,False,False,8.0,large
Timor-Leste,2016,1730.0,1228312.0,14870.0,37.9,False,True,1.0,medium
Togo,2016,800.0,7858289.0,56790.0,43.32551,False,False,3.0,large
Tonga,2016,4280.0,105524.0,750.0,0.75,False,False,0.0,medium
Trinidad And Tobago,2016,17870.0,1353895.0,5130.0,7.5,True,False,0.0,medium
Tunisia,2016,3930.0,11528674.0,163610.0,8.64346,False,False,2.0,large
Turkiye,2016,11350.0,79277962.0,785350.0,14.12611,False,False,8.0,large
Turkmenistan,2016,6080.0,6360041.0,488100.0,9.00675,False,False,4.0,large
Tuvalu,2016,5450.0,10930.0,30.0,1.1005,False,False,0.0,small
Uganda,2016,810.0,38799152.0,241550.0,59.38995,False,False,5.0,large
Ukraine,2016,2330.0,45616832.0,603550.0,1.1,False,False,7.0,large
United Arab Emirates,2016,46180.0,8935095.0,98647.9,0.25,True,False,2.0,large
United Kingdom,2016,43310.0,65607000.0,243610.0,0.1,True,False,1.0,large
United States,2016,56900.0,324353340.0,9831510.0,0.2,True,False,0.0,large
Uruguay,2016,16490.0,3379283.0,176220.0,1.3,True,False,2.0,large
Uzbekistan,2016,2840.0,31284568.0,448924.0,7.29256,False,False,5.0,large
Vanuatu,2016,2970.0,272087.0,12190.0,4.1,False,False,0.0,medium
Vietnam,2016,2560.0,94000117.0,331230.0,5.76598,False,False,3.0,large
Yemen,2016,970.0,32109010.0,527970.0,44.2,False,False,2.0,large
Zambia,2016,1320.0,16914423.0,752610.0,51.36341,False,False,8.0,large
Zimbabwe,2016,1240.0,14600294.0,390760.0,22.75892,False,False,4.0,large
Afghanistan,2018,520.0,36743039.0,652860.0,73.3,False,False,6.0,large
Albania,2018,5400.0,2607733.0,28750.0,5.3,False,False,4.0,small
Algeria,2018,4450.0,42505035.0,2381741.0,17.17042,False,False,7.0,large
Angola,2018,2270.0,31297155.0,1246700.0,62.58105,False,False,4.0,large
Antigua And Barbuda,2018,17460.0,90926.0,440.0,2.6463,True,False,0.0,small
Argentina,2018,12390.0,44654882.0,2780400.0,14.5,True,True,5.0,large
Armenia,2018,4220.0,2969000.0,29740.0,8.39472,False,False,4.0,small
Aruba,2018,27970.0,108908.0,180.0,0.0,True,False,0.0,small
Australia,2018,53280.0,24963258.0,7741220.0,0.035,True,True,0.0,medium
Bahrain,2018,24200.0,1503091.0,780.0,0.0,True,False,0.0,small
Bangladesh,2018,2020.0,163523103.0,147570.0,52.51337,False,False,2.0,large
Belgium,2018,45980.0,11427054.0,30688.0,0.0,True,False,4.0,medium
Belize,2018,5610.0,380226.0,22970.0,15.72933,False,False,2.0,small
Benin,2018,1120.0,12383347.0,114760.0,68.3262,False,False,4.0,medium
Bermuda,2018,117160.0,63831.0,4290.0,0.1,True,False,0.0,small
Bhutan,2018,3150.0,759759.0,38390.0,50.66515,False,False,2.0,small
Bosnia And Herzegovina,2018,5720.0,3387000.0,51210.0,4.0,False,False,3.0,small
Botswana,2018,6680.0,2299141.0,581730.0,39.58877,False,False,4.0,small
Brunei,2018,28790.0,437810.0,5770.0,22.43622,True,False,1.0,small
Bulgaria,2018,8860.0,6710798.0,111000.0,0.2,False,False,5.0,small
Burkina Faso,2018,730.0,20438288.0,274220.0,32.11638,False,False,6.0,medium
Burundi,2018,250.0,11859446.0,27830.0,39.50542,False,False,3.0,medium
Cabo Verde,2018,4040.0,513415.0,4030.0,49.20007,False,False,0.0,small
Cambodia,2018,1920.0,16274522.0,181040.0,39.7,False,False,3.0,medium
Cameroon,2018,1520.0,24806383.0,475440.0,35.94099,False,False,6.0,medium
Canada,2018,45060.0,37072620.0,15640500.0,0.8,True,True,1.0,large
Central African Republic,2018,470.0,4878657.0,622980.0,68.9131,False,False,6.0,small
Chad,2018,890.0,16156531.0,1284000.0,82.0,False,False,6.0,medium
Colombia,2018,6350.0,49024465.0,1141750.0,9.7,False,True,5.0,large
Comoros,2018,1490.0,771590.0,1861.0,68.6,False,False,0.0,small
Congo Dem. Rep,2018,460.0,90047644.0,2344860.0,77.90169,False,False,9.0,large
Costa Rica,2018,12070.0,4957818.0,51100.0,4.46075,False,True,2.0,small
Cote D'Ivoire,2018,2010.0,27464173.0,322460.0,53.21082,False,False,5.0,medium
Croatia,2018,14670.0,3988775.0,88073.0,0.25,True,False,5.0,small
Cuba,2018,8710.0,11227118.0,109880.0,9.49348,False,False,0.0,medium
Cyprus,2018,27120.0,1270737.0,9250.0,0.3,True,False,0.0,small
Czechia,2018,20700.0,10629928.0,78870.0,0.05,True,False,4.0,medium
Denmark,2018,61090.0,5793636.0,42920.0,0.0,True,False,1.0,small
Djibouti,2018,2600.0,1071882.0,23200.0,53.3709,False,False,3.0,small
Dominican Republic,2018,7600.0,10782053.0,48670.0,11.24888,False,False,1.0,medium
Egypt,2018,2710.0,105682094.0,1001450.0,0.89992,False,True,4.0,large
El Salvador,2018,3940.0,6219807.0,21040.0,16.5,False,False,2.0,small
Equatorial Guinea,2018,5450.0,1616422.0,28050.0,64.67379,False,False,2.0,small
Estonia,2018,21600.0,1321977.0,45340.0,0.1,True,False,2.0,small
Eswatini,2018,3460.0,1168929.0,17360.0,10.8082,False,False,2.0,small
Ethiopia,2018,730.0,112664152.0,1136242.5,64.31438,False,False,6.0,large
Fiji,2018,5690.0,917180.0,18270.0,9.4,False,False,0.0,small
Finland,2018,47900.0,5515525.0,338450.0,0.0,True,False,3.0,small
France,2018,40960.0,67158348.0,549087.0,0.0,True,False,8.0,large
Gabon,2018,6540.0,2212318.0,267670.0,44.33265,False,False,3.0,small
Gambia,2018,680.0,2399632.0,11300.0,40.69583,False,False,1.0,small
Georgia,2018,4580.0,3726549.0,69700.0,7.84604,False,False,4.0,small
Germany,2018,48770.0,82905782.0,357580.0,0.0,True,False,9.0,large
Ghana,2018,2060.0,30637585.0,238540.0,33.48685,False,False,3.0,medium
Guatemala,2018,4270.0,16845685.0,108890.0,37.6,False,True,4.0,medium
Guinea,2018,860.0,12704774.0,245860.0,48.17296,False,False,6.0,medium
Guinea-Bissau,2018,750.0,1922168.0,36130.0,64.41973,False,False,2.0,small
Guyana,2018,6100.0,791556.0,214970.0,13.78743,False,False,3.0,small
Haiti,2018,1430.0,10962362.0,27750.0,49.53262,False,False,1.0,medium
Honduras,2018,2280.0,9765210.0,112490.0,31.5,False,True,3.0,medium
Iceland,2018,72210.0,352721.0,103000.0,0.0,True,True,0.0,small
India,2018,1970.0,1374659064.0,3287260.0,5.41,False,False,6.0,large
Indonesia,2018,3810.0,269951846.0,1916862.2,20.23793,False,True,3.0,large
Iran,2018,5390.0,86117998.0,1745150.0,50.66515,False,False,7.0,large
Iraq,2018,4820.0,40265624.0,435052.0,47.79447,False,False,6.0,large
Ireland,2018,59110.0,4898022.0,70280.0,8.5,True,False,1.0,small
Italy,2018,34120.0,60148658.0,302069.0,0.02,True,False,6.0,large
Kazakhstan,2018,7790.0,18932727.0,2724902.0,0.79376,False,False,5.0,medium
Kenya,2018,1720.0,50207107.0,580370.0,50.81331,False,False,5.0,large
Kiribati,2018,3280.0,122084.0,810.0,6.85,False,False,0.0,small
Kuwait,2018,32340.0,4323515.0,17820.0,0.0,True,False,2.0,small
Kyrgyzstan,2018,1200.0,6444079.0,199950.0,6.91123,False,False,4.0,small
Laos,2018,2460.0,7128045.0,236800.0,23.6,False,False,5.0,small
Latvia,2018,16010.0,1927174.0,64594.0,0.6,True,False,4.0,small
Lebanon,2018,8700.0,5984119.0,10450.0,4.5,False,False,2.0,small
Lesotho,2018,1250.0,2183603.0,30360.0,29.68363,False,False,1.0,small
Liberia,2018,620.0,4944726.0,111370.0,63.88484,False,False,3.0,small
Libya,2018,11000.0,6849055.0,1759540.0,16.38228,False,False,6.0,small
Lithuania,2018,17550.0,2819200.0,65290.0,0.25,True,False,4.0,small
Luxembourg,2018,80120.0,607950.0,2590.0,0.01733,True,False,3.0,small
Madagascar,2018,480.0,27494926.0,587295.0,69.82165,False,False,0.0,medium
Malawi,2018,490.0,18528081.0,118480.0,49.78452,False,False,3.0,medium
Maldives,2018,10220.0,473099.0,300.0,35.4025,False,False,0.0,small
Mali,2018,930.0,20442030.0,1240190.0,46.12357,False,False,7.0,medium
Malta,2018,29030.0,483903.0,320.0,0.0375,True,False,0.0,small
Marshall Islands,2018,6040.0,45285.0,180.0,0.1,False,False,0.0,small
Mauritania,2018,1680.0,4337685.0,1030700.0,56.0,False,False,4.0,small
Mauritius,2018,12180.0,1265577.0,2007.0,53.3709,False,False,0.0,small
Mexico,2018,9560.0,124573711.0,1964380.0,17.6,False,True,3.0,large
Moldova,2018,3850.0,2707203.0,33850.0,6.5,False,False,2.0,small
Mongolia,2018,3650.0,3208189.0,1564116.0,21.85123,False,False,2.0,small
Montenegro,2018,8250.0,626438.0,13810.0,10.0,False,False,4.0,small
Morocco,2018,3380.0,35839760.0,446550.0,10.85088,False,False,3.0,large
Mozambique,2018,470.0,29018644.0,799380.0,58.47257,False,False,6.0,medium
Myanmar,2018,1310.0,52272247.0,676590.0,58.28105,False,False,5.0,large
Namibia,2018,4670.0,2577327.0,824290.0,41.4,False,False,4.0,small
Nauru,2018,12740.0,11477.0,20.0,1.7969,True,False,0.0,small
Nepal,2018,1120.0,28079689.0,147180.0,40.2822,False,False,2.0,medium
Netherlands,2018,51290.0,17231624.0,41540.0,0.0,True,False,2.0,medium
New Zealand,2018,41660.0,4900600.0,267710.0,0.0,True,False,0.0,small
Nicaragua,2018,1990.0,6400080.0,130370.0,5.5185,False,True,2.0,small
Niger,2018,580.0,22188069.0,1267000.0,70.44397,False,False,7.0,medium
Nigeria,2018,1950.0,204938755.0,923770.0,51.49458,False,False,4.0,large
North Macedonia,2018,6050.0,1889051.0,25710.0,0.15,False,False,4.0,small
Norway,2018,80970.0,5311916.0,625222.0,0.0,True,True,3.0,small
Oman,2018,17250.0,4597877.0,309500.0,0.15,True,False,3.0,small
Pakistan,2018,1560.0,226928892.0,796100.0,57.49851,False,False,4.0,large
Palau,2018,16040.0,17814.0,460.0,0.3,True,False,0.0,small
Panama,2018,14910.0,4167860.0,75320.0,16.3,True,True,2.0,small
Papua New Guinea,2018,2310.0,9394513.0,462840.0,22.4,False,False,1.0,medium
Paraguay,2018,6060.0,6427382.0,406752.0,15.05286,False,False,3.0,small
Peru,2018,6500.0,31897584.0,1285220.0,44.21753,False,False,5.0,large
Philippines,2018,3610.0,109465287.0,300000.0,37.3187,False,False,0.0,large
Poland,2018,14310.0,37974750.0,312690.0,4.3,True,False,7.0,large
Portugal,2018,22040.0,10283822.0,92225.6,0.05,True,False,1.0,medium
Qatar,2018,63410.0,2580734.0,11490.0,0.0,True,False,1.0,small
Romania,2018,11490.0,19473970.0,238400.0,1.85,False,False,5.0,medium
Russia,2018,10180.0,145398106.0,17098250.0,2.85,False,True,14.0,large
Rwanda,2018,770.0,12487996.0,26340.0,40.08982,False,False,4.0,medium
Samoa,2018,4100.0,207582.0,2840.0,0.25,False,False,0.0,small
Sao Tome And Principe,2018,1660.0,210187.0,960.0,52.6,False,False,0.0,small
Senegal,2018,1390.0,15914498.0,196710.0,35.15984,False,False,5.0,medium
Serbia,2018,6700.0,6982604.0,88360.0,0.4,False,False,8.0,small
Seychelles,2018,17620.0,96762.0,460.0,53.3709,True,False,0.0,small
Sierra Leone,2018,830.0,7554563.0,72300.0,53.38422,False,False,2.0,small
Singapore,2018,56360.0,5638676.0,724.0,0.0,True,False,0.0,small
Slovakia,2018,18460.0,5446771.0,49030.0,0.05,True,False,5.0,small
Solomon Islands,2018,2150.0,709101.0,28900.0,1.95,False,False,0.0,small
Somalia,2018,510.0,15452487.0,637660.0,53.3709,False,False,3.0,medium
South Africa,2018,6250.0,58613001.0,1219090.0,24.18213,False,True,6.0,large
Sri Lanka,2018,4350.0,21670000.0,65610.0,50.66515,False,False,0.0,medium
St. Lucia,2018,11060.0,177017.0,620.0,0.45,False,False,0.0,small
Sudan,2018,810.0,44230596.0,1878000.0,73.7,False,False,7.0,large
Suriname,2018,5730.0,599513.0,163820.0,14.96333,False,False,3.0,small
Sweden,2018,54930.0,10175214.0,528449.29,0.1,True,False,2.0,medium
Switzerland,2018,82470.0,8514329.0,41290.7,0.0,True,False,5.0,small
Syria,2018,810.0,19577845.0,185180.0,25.18149,False,False,5.0,medium
Tanzania,2018,1010.0,57437145.0,947300.0,43.0093,False,False,8.0,large
Timor-Leste,2018,1790.0,1275959.0,14870.0,33.9,False,True,1.0,small
Togo,2018,830.0,8258778.0,56790.0,40.08219,False,False,3.0,small
Tonga,2018,4650.0,105567.0,750.0,0.6,False,False,0.0,small
Tunisia,2018,3700.0,11765514.0,163610.0,8.14324,False,False,2.0,medium
Turkiye,2018,10760.0,81407204.0,785350.0,14.12611,False,False,8.0,large
Turkmenistan,2018,5930.0,6655524.0,488100.0,8.75663,False,False,4.0,small
Tuvalu,2018,6230.0,10751.0,30.0,0.9951,False,False,0.0,small
Uganda,2018,770.0,41565831.0,241550.0,56.70105,False,False,5.0,large
Ukraine,2018,2720.0,45208907.0,603550.0,1.1,False,False,7.0,large
United Arab Emirates,2018,44570.0,9346701.0,98647.9,0.1,True,False,2.0,medium
United Kingdom,2018,42540.0,66289000.0,243610.0,0.1,True,False,1.0,large
United States,2018,63020.0,328529577.0,9831510.0,0.15,True,False,0.0,large
Uruguay,2018,17700.0,3394534.0,176220.0,1.3,True,False,2.0,small
Uzbekistan,2018,2340.0,32373490.0,448924.0,5.35972,False,False,5.0,large
Vanuatu,2018,3270.0,285259.0,12190.0,4.15,False,False,0.0,small
Vietnam,2018,3020.0,96237319.0,331240.0,5.76598,False,False,3.0,large
Yemen,2018,740.0,34085182.0,527970.0,44.2,False,False,2.0,large
Zambia,2018,1390.0,17973569.0,752610.0,49.81077,False,False,8.0,medium
Zimbabwe,2018,2140.0,15034452.0,390760.0,22.16356,False,False,4.0,medium
Afghanistan,2020,490.0,39068979.0,652860.0,73.3,False,False,6.0,medium
Albania,2020,5970.0,2528480.0,28750.0,2.8,False,False,4.0,small
Algeria,2020,4020.0,44042091.0,2381740.0,13.26502,False,False,7.0,medium
Andorra,2020,42450.0,77380.0,470.0,0.0,True,False,2.0,small
Angola,2020,2020.0,33451132.0,1246700.0,62.6,False,False,4.0,small
Antigua And Barbuda,2020,15460.0,91846.0,440.0,2.6463,True,False,0.0,small
Argentina,2020,9040.0,45191965.0,2780400.0,14.5,False,True,5.0,medium
Armenia,2020,4230.0,2961500.0,29740.0,8.39472,False,False,4.0,small
Aruba,2020,22790.0,108587.0,180.0,0.0,True,False,0.0,small
Australia,2020,53770.0,25649248.0,7741220.0,0.035,True,True,0.0,small
Bangladesh,2020,2320.0,166298024.0,147570.0,51.86921,False,False,2.0,large
Belgium,2020,46330.0,11538604.0,30689.0,0.0,True,False,4.0,small
Belize,2020,5170.0,390812.0,22970.0,15.72533,False,False,2.0,small
Benin,2020,1190.0,13070169.0,114760.0,67.93293,False,False,4.0,small
Bermuda,2020,110960.0,64382.0,4290.0,0.1,True,False,0.0,small
Bhutan,2020,3040.0,770006.0,38390.0,50.42596,False,False,2.0,small
Bosnia And Herzegovina,2020,6160.0,3299349.0,51210.0,0.3128,False,False,3.0,small
Botswana,2020,6600.0,2365894.0,581730.0,39.6,False,False,4.0,small
Brunei,2020,30810.0,447404.0,5770.0,21.72738,True,False,1.0,small
Bulgaria,2020,10090.0,6550696.0,111000.0,0.25,False,False,5.0,small
Burkina Faso,2020,770.0,21478690.0,274200.0,26.55025,False,False,6.0,small
Burundi,2020,250.0,12617036.0,27830.0,36.8,False,False,3.0,small
Cabo Verde,2020,3510.0,514679.0,4030.0,46.67545,False,False,0.0,small
Cambodia,2020,2050.0,16725474.0,181040.0,39.7,False,False,3.0,small
Cameroon,2020,1540.0,26210558.0,475440.0,32.67179,False,False,6.0,small
Canada,2020,43900.0,38028638.0,15640500.0,0.8,True,True,1.0,medium
Central African Republic,2020,490.0,5026628.0,622980.0,68.9131,False,False,6.0,small
Chad,2020,890.0,17224679.0,1284000.0,82.0,False,False,6.0,small
Colombia,2020,5850.0,50629997.0,1140619.05,9.7,False,True,5.0,large
Comoros,2020,1520.0,802163.0,1861.0,68.6,False,False,0.0,small
Congo Dem. Rep,2020,480.0,95989998.0,2344860.0,78.36226,False,False,9.0,large
Costa Rica,2020,11700.0,5034320.0,51100.0,3.54573,False,True,2.0,small
Cote D'Ivoire,2020,2120.0,28915449.0,322460.0,53.21082,False,False,5.0,small
Croatia,2020,15130.0,3914206.0,88070.0,0.25,True,False,5.0,small
Cyprus,2020,26780.0,1302247.0,9250.0,0.3,True,False,0.0,small
Czechia,2020,22190.0,10697858.0,78871.01,0.05,True,False,4.0,small
Denmark,2020,62710.0,5831404.0,42920.0,0.0,True,False,1.0,small
Djibouti,2020,2780.0,1105188.0,23200.0,51.93824,False,False,3.0,small
Dominican Republic,2020,7080.0,11008300.0,146839.463,11.24888,False,False,1.0,small
Egypt,2020,2960.0,109315124.0,1001450.0,0.89992,False,True,4.0,large
El Salvador,2020,3800.0,6234673.0,21040.0,16.5,False,False,2.0,small
Equatorial Guinea,2020,4790.0,1716468.0,28050.0,64.91767,False,False,2.0,small
Estonia,2020,23580.0,1329522.0,45340.0,0.1,True,False,2.0,small
Eswatini,2020,3430.0,1192729.0,17360.0,10.8082,False,False,2.0,small
Ethiopia,2020,820.0,118917671.0,1136239.7,64.31438,False,False,6.0,large
Fiji,2020,4560.0,914963.0,18270.0,9.4,False,False,0.0,small
Finland,2020,49630.0,5529543.0,338460.0,0.0,True,False,3.0,small
France,2020,39690.0,67601110.0,606410.0,0.0,True,False,8.0,large
Gabon,2020,6820.0,2322539.0,267670.0,44.33265,False,False,3.0,small
Gambia,2020,720.0,2515733.0,11300.0,38.89309,False,False,1.0,small
Georgia,2020,4330.0,3722716.0,69700.0,7.07908,False,False,4.0,small
Germany,2020,48540.0,83160871.0,357590.0,0.0,True,False,9.0,large
Ghana,2020,2250.0,31887809.0,238533.0,33.48685,False,False,3.0,small
Guatemala,2020,4360.0,17357325.0,108890.0,37.6,False,True,4.0,small
Guinea,2020,1030.0,13371183.0,245860.0,49.00714,False,False,6.0,small
Guinea-Bissau,2020,860.0,2013255.0,36130.0,60.81037,False,False,2.0,small
Guyana,2020,8090.0,807481.0,214970.0,12.1402,False,False,3.0,small
Haiti,2020,1340.0,11243848.0,27750.0,48.9,False,False,1.0,small
Iceland,2020,65670.0,366463.0,103000.0,0.0,True,True,0.0,small
Indonesia,2020,3850.0,274814866.0,1916906.77,19.41083,False,True,3.0,large
Iran,2020,3980.0,87723443.0,1745150.0,50.42596,False,False,7.0,large
Iraq,2020,4720.0,42116605.0,435050.0,49.33894,False,False,6.0,medium
Ireland,2020,64420.0,5039747.0,70280.0,8.5,True,False,1.0,small
Italy,2020,32600.0,59438851.0,302068.0,0.02,True,False,6.0,large
Kazakhstan,2020,8380.0,19482117.0,2724900.0,0.79376,False,False,5.0,small
Kenya,2020,1910.0,52217334.0,591969.0,50.81331,False,False,5.0,large
Kiribati,2020,3070.0,126099.0,810.0,5.6,False,False,0.0,small
Kuwait,2020,33150.0,4400267.0,17820.0,0.0,True,False,2.0,small
Kyrgyzstan,2020,1210.0,6726596.0,199950.0,2.43932,False,False,4.0,small
Laos,2020,2470.0,7346533.0,236800.0,21.8,False,False,5.0,small
Latvia,2020,17350.0,1900449.0,64590.0,0.6,True,False,4.0,small
Lebanon,2020,6350.0,5702398.0,10450.0,4.5,False,False,2.0,small
Lesotho,2020,1170.0,2235727.0,30360.0,25.55318,False,False,1.0,small
Liberia,2020,570.0,5149463.0,111370.0,63.88484,False,False,3.0,small
Libya,2020,7000.0,7045399.0,1759540.0,23.68082,False,False,6.0,small
Lithuania,2020,19800.0,2810369.0,65290.0,0.25,True,False,4.0,small
Luxembourg,2020,80090.0,630419.0,2590.0,0.01733,True,False,3.0,small
Madagascar,2020,450.0,28953556.0,587295.0,67.42009,False,False,0.0,small
Malawi,2020,560.0,19533888.0,118480.0,49.78452,False,False,3.0,small
Malaysia,2020,10110.0,33889558.0,330241.0,0.2,False,True,3.0,small
Maldives,2020,7050.0,502118.0,300.0,34.845,False,False,0.0,small
Mali,2020,930.0,21713836.0,1240190.0,41.92883,False,False,7.0,small
Malta,2020,26910.0,515490.0,320.0,0.0375,True,False,0.0,small
Marshall Islands,2020,6610.0,42706.0,180.0,2.2206,False,False,0.0,small
Mauritania,2020,1720.0,4600131.0,1030700.0,56.0,False,False,4.0,small
Mauritius,2020,10760.0,1266014.0,2007.0,51.93824,False,False,0.0,small
Mexico,2020,8920.0,126799054.0,1960647.2,17.6,False,True,3.0,large
Mongolia,2020,3690.0,3327204.0,1564115.749,17.87869,False,False,2.0,small
Montenegro,2020,7770.0,626590.0,13810.0,8.8,False,False,4.0,small
Morocco,2020,3260.0,36584208.0,446550.0,10.85088,False,False,3.0,small
Mozambique,2020,480.0,30783688.0,799380.0,54.95891,False,False,6.0,small
Myanmar,2020,1320.0,53016522.0,676590.0,58.28105,False,False,5.0,large
Namibia,2020,4240.0,2728762.0,824290.0,41.4,False,False,4.0,small
Nauru,2020,17180.0,11643.0,20.0,0.59734,True,False,0.0,small
Nepal,2020,1190.0,28966574.0,147180.0,40.2822,False,False,2.0,small
Netherlands,2020,51490.0,17441500.0,41540.0,0.0,True,False,2.0,small
New Zealand,2020,41850.0,5072400.0,267710.0,0.0,True,False,0.0,small
Nicaragua,2020,1810.0,6565267.0,130370.0,5.5185,False,True,2.0,small
Niger,2020,560.0,23717613.0,1267000.0,70.44397,False,False,7.0,small
Nigeria,2020,2460.0,213996181.0,923770.0,48.98206,False,False,4.0,large
North Macedonia,2020,6460.0,1856124.0,25710.0,0.15,False,False,4.0,small
Norway,2020,78610.0,5379475.0,624499.0,0.0,True,True,3.0,small
Oman,2020,17190.0,4522497.0,309500.0,0.0,True,False,3.0,small
Pakistan,2020,1370.0,235001746.0,796100.0,55.97371,False,False,4.0,large
Palau,2020,15360.0,17792.0,460.0,0.3,True,False,0.0,small
Papua New Guinea,2020,2410.0,9815746.0,462840.0,22.8,False,False,1.0,small
Paraguay,2020,5550.0,6603739.0,406752.0,15.1,False,False,3.0,small
Peru,2020,6080.0,32838579.0,1285220.0,43.73131,False,False,5.0,small
Philippines,2020,3350.0,112081264.0,300000.0,36.61565,False,False,0.0,large
Poland,2020,15640.0,37515748.0,312710.0,3.7,True,False,7.0,medium
Portugal,2020,21910.0,10297081.0,92230.0,0.05,True,False,1.0,small
Qatar,2020,57730.0,2794148.0,11490.0,0.0,True,False,1.0,small
Romania,2020,12720.0,19265250.0,238400.0,1.55,True,False,5.0,small
Russia,2020,10660.0,145245148.0,17125190.0,2.75,False,True,14.0,large
Rwanda,2020,770.0,13065837.0,26340.0,38.34923,False,False,4.0,small
Samoa,2020,4080.0,211944.0,2840.0,0.25,False,False,0.0,small
Sao Tome And Principe,2020,2030.0,217435.0,960.0,52.6,False,False,0.0,small
Senegal,2020,1440.0,16789219.0,196710.0,31.60484,False,False,5.0,small
Serbia,2020,7790.0,6899126.0,84990.0,0.35,False,False,8.0,small
Seychelles,2020,15400.0,98462.0,460.0,51.93824,True,False,0.0,small
Sierra Leone,2020,840.0,7912558.0,72300.0,50.64661,False,False,2.0,small
Singapore,2020,55780.0,5685807.0,728.0,0.0,True,False,0.0,small
Slovakia,2020,19420.0,5458827.0,49030.0,0.05,True,False,5.0,small
Solomon Islands,2020,2170.0,744498.0,28900.0,1.95,False,False,0.0,small
Somalia,2020,500.0,16651191.0,637660.0,51.93824,False,False,3.0,small
South Africa,2020,5930.0,60562381.0,1219090.0,24.2,False,True,6.0,large
Sri Lanka,2020,3880.0,21919000.0,65610.0,50.42596,False,False,0.0,small
St. Lucia,2020,8560.0,178250.0,620.0,0.45,False,False,0.0,small
Sudan,2020,600.0,46789231.0,1878000.0,73.7,False,False,7.0,medium
Suriname,2020,4710.0,612317.0,163820.0,15.80035,False,False,3.0,small
Sweden,2020,54590.0,10353442.0,528860.0,0.1,True,False,2.0,small
Switzerland,2020,81740.0,8638167.0,41290.7,0.0,True,False,5.0,small
Syria,2020,790.0,21049429.0,185180.0,25.57503,False,False,5.0,small
Tanzania,2020,1060.0,60972798.0,947300.0,40.88048,False,False,8.0,large
Timor-Leste,2020,2040.0,1326053.0,14870.0,33.9,False,True,1.0,small
Togo,2020,870.0,8669720.0,56790.0,38.5,False,False,3.0,small
Tonga,2020,5210.0,105704.0,750.0,0.35,False,False,0.0,small
Tunisia,2020,3270.0,11974057.0,163610.0,7.64301,False,False,2.0,small
Turkiye,2020,9330.0,83384680.0,785350.0,14.12611,False,False,8.0,large
Turkmenistan,2020,6300.0,6949912.0,491209.0,8.5065,False,False,4.0,small
Tuvalu,2020,6880.0,10399.0,30.0,0.8897,False,False,0.0,small
Uganda,2020,820.0,44457152.0,241550.0,54.01214,False,False,5.0,medium
United Arab Emirates,2020,41310.0,9401038.0,98647.9,0.2265,True,False,2.0,small
United Kingdom,2020,39340.0,66744000.0,243610.0,0.1,True,False,1.0,large
United States,2020,64920.0,331577720.0,9831510.0,0.15,True,False,0.0,large
Uruguay,2020,16130.0,3398968.0,176220.0,1.3,True,False,2.0,small
Uzbekistan,2020,2000.0,33586372.0,448924.0,4.52719,False,False,5.0,small
Vanuatu,2020,3390.0,298858.0,12190.0,4.15,False,False,0.0,small
Vietnam,2020,3400.0,98079191.0,331340.0,5.76598,False,False,3.0,large
Zambia,2020,1120.0,19059395.0,752610.0,48.25813,False,False,8.0,small
Zimbabwe,2020,1980.0,15526888.0,390760.0,21.56821,False,False,4.0,small
Afghanistan,2022,370.0,40578842.0,652860.0,71.58904,False,False,6.0,large
Albania,2022,7720.0,2451636.0,28750.0,2.7,False,False,4.0,small
Algeria,2022,4430.0,45477389.0,2381740.0,13.246,False,False,7.0,large
Andorra,2022,47600.0,79705.0,470.0,0.0,True,False,2.0,small
Angola,2022,2340.0,35635029.0,1246700.0,62.7,False,False,4.0,medium
Antigua And Barbuda,2022,18820.0,92840.0,440.0,2.64634,True,False,0.0,small
Argentina,2022,11890.0,45407904.0,2780400.0,14.5,False,True,5.0,large
Armenia,2022,5690.0,2969200.0,29740.0,8.39472,False,False,4.0,small
Aruba,2022,30160.0,107310.0,180.0,0.0,True,False,0.0,small
Australia,2022,60790.0,26018721.0,7741220.0,0.035,True,True,0.0,medium
Austria,2022,56310.0,9041851.0,83879.0,0.04663,True,False,8.0,medium
Bangladesh,2022,2850.0,169384897.0,147570.0,51.50833,False,False,2.0,large
Belgium,2022,54330.0,11680210.0,30689.0,0.0,True,False,4.0,medium
Belize,2022,6710.0,402733.0,22970.0,15.72533,False,False,2.0,small
Benin,2022,1360.0,13759501.0,114760.0,64.01064,False,False,4.0,medium
Bermuda,2022,132200.0,64749.0,4290.0,0.07761,True,False,0.0,small
Bhutan,2022,3600.0,780914.0,38390.0,44.6899,False,False,2.0,small
Bolivia,2022,4190.0,12077154.0,1098580.0,46.62568,False,False,5.0,medium
Bosnia And Herzegovina,2022,7710.0,3204802.0,51210.0,0.3128,False,False,3.0,small
Botswana,2022,8250.0,2439892.0,581730.0,39.6,False,False,4.0,small
Brazil,2022,8440.0,210306415.0,8510420.0,14.8971,False,False,10.0,large
Brunei,2022,30970.0,455370.0,5770.0,21.59688,True,False,1.0,small
Bulgaria,2022,13100.0,6465097.0,111000.0,0.19661,False,False,5.0,small
Burkina Faso,2022,840.0,22509038.0,274200.0,87.88175,False,False,6.0,medium
Burundi,2022,290.0,13321097.0,27830.0,36.75168,False,False,3.0,medium
Cabo Verde,2022,4550.0,519741.0,4030.0,46.41147,False,False,0.0,small
Cambodia,2022,2270.0,17201724.0,181040.0,42.26983,False,False,3.0,medium
Cameroon,2022,1660.0,27632771.0,475440.0,32.67179,False,False,6.0,medium
Canada,2022,53850.0,38935934.0,15634410.0,1.09583,True,True,1.0,medium
Cayman Islands,2022,74060.0,71591.0,264.0,5.47921,True,False,0.0,small
Central African Republic,2022,520.0,5098039.0,622980.0,68.9131,False,False,6.0,small
Chad,2022,950.0,18455316.0,1284000.0,82.0,False,False,6.0,medium
Chile,2022,15440.0,19553036.0,757244.88,7.324,True,True,3.0,medium
China,2022,13170.0,1412175000.0,9562910.0,26.32091,False,False,16.0,large
Colombia,2022,6560.0,51737944.0,1140619.05,9.7,False,True,5.0,large
Comoros,2022,1590.0,834188.0,1861.0,48.50155,False,False,0.0,small
Congo Dem. Rep,2022,610.0,102396968.0,2344860.0,78.36226,False,False,9.0,large
Costa Rica,2022,13210.0,5081765.0,51100.0,3.54573,False,True,2.0,small
Cote D'Ivoire,2022,2440.0,30395002.0,322460.0,48.26127,False,False,5.0,medium
Croatia,2022,19370.0,3855641.0,88070.0,0.52712,True,False,5.0,small
Cyprus,2022,31810.0,1331370.0,9250.0,0.27235,True,False,0.0,small
Czechia,2022,27210.0,10672118.0,78871.47,0.02735,True,False,4.0,medium
Denmark,2022,72040.0,5903037.0,42920.0,0.0,True,False,1.0,small
Djibouti,2022,3310.0,1137096.0,23200.0,48.68591,False,False,3.0,small
Dominican Republic,2022,9150.0,11230734.0,146839.463,11.24888,False,False,1.0,medium
Ecuador,2022,6550.0,17823897.0,256370.0,57.8,False,False,2.0,medium
Egypt,2022,4040.0,112618250.0,1001450.0,3.83938,False,True,4.0,large
El Salvador,2022,4710.0,6280319.0,21040.0,16.47714,False,False,2.0,small
Equatorial Guinea,2022,4570.0,1803545.0,28050.0,64.68739,False,False,2.0,small
Estonia,2022,27580.0,1348840.0,45340.0,0.34543,True,False,2.0,small
Eswatini,2022,3650.0,1218917.0,17360.0,17.00571,False,False,2.0,small
Ethiopia,2022,960.0,125384287.0,1136239.7,64.31438,False,False,6.0,large
Fiji,2022,5250.0,919422.0,18270.0,9.4,False,False,0.0,small
Finland,2022,54120.0,5556106.0,338470.0,0.0,True,False,3.0,small
France,2022,46010.0,68184457.0,606410.0,0.0,True,False,8.0,large
French Polynesia,2022,24150.0,280378.0,3471.0,1.5,True,False,0.0,small
Gabon,2022,7430.0,2430747.0,267670.0,38.77297,False,False,3.0,small
Gambia,2022,830.0,2636470.0,11300.0,37.08102,False,False,1.0,small
Georgia,2022,5690.0,3712502.0,69700.0,7.07908,False,False,4.0,small
Germany,2022,55200.0,83177813.0,357600.0,0.0,True,False,9.0,large
Ghana,2022,2400.0,33149152.0,238533.0,33.48685,False,False,3.0,medium
Guatemala,2022,5220.0,17847877.0,108890.0,37.6,False,True,4.0,medium
Guinea,2022,1280.0,14055137.0,245860.0,43.95734,False,False,6.0,medium
Guinea-Bissau,2022,960.0,2105529.0,36130.0,59.0,False,False,2.0,small
Guyana,2022,9780.0,821637.0,214970.0,11.30361,False,False,3.0,small
Haiti,2022,1620.0,11503606.0,27750.0,51.05915,False,False,1.0,medium
Iceland,2022,73690.0,382003.0,103000.0,0.0,True,True,0.0,small
Indonesia,2022,4520.0,278830529.0,1916906.77,19.41083,False,True,3.0,large
Iran,2022,4390.0,89524246.0,1745150.0,44.6899,False,False,7.0,large
Iraq,2022,5510.0,44070551.0,435050.0,49.33894,False,False,6.0,large
Ireland,2022,75970.0,5212836.0,70280.0,8.5,True,False,1.0,small
Italy,2022,39060.0,59013667.0,302070.0,0.02,True,False,6.0,large
Jamaica,2022,6340.0,2839144.0,10990.0,0.8835,False,False,0.0,small
Japan,2022,42640.0,125124989.0,377969.27,2.0,True,False,0.0,large
Kazakhstan,2022,9420.0,20034609.0,2724902.0,0.79376,False,False,5.0,medium
Kenya,2022,2170.0,54252461.0,591969.0,40.49575,False,False,5.0,large
Kiribati,2022,3610.0,130469.0,810.0,5.93438,False,False,0.0,small
Kuwait,2022,39120.0,4589643.0,17820.0,0.0,True,False,2.0,small
Kyrgyzstan,2022,1540.0,6975220.0,199950.0,2.43932,False,False,4.0,small
Laos,2022,2300.0,7559007.0,236800.0,54.83946,False,False,5.0,small
Latvia,2022,20630.0,1879383.0,64590.0,0.59304,True,False,4.0,small
Lebanon,2022,4130.0,5744489.0,10450.0,4.53099,False,False,2.0,small
Lesotho,2022,1270.0,2286110.0,30360.0,25.55318,False,False,1.0,small
Liberia,2022,680.0,5373294.0,111370.0,60.47684,False,False,3.0,small
Libya,2022,6010.0,7223805.0,1759540.0,16.58153,False,False,6.0,small
Lithuania,2022,23760.0,2831639.0,65286.0,0.50861,True,False,4.0,small
Luxembourg,2022,84190.0,653103.0,2590.0,0.01733,True,False,3.0,small
Madagascar,2022,500.0,30437261.0,587295.0,65.71715,False,False,0.0,medium
Malawi,2022,610.0,20568728.0,118480.0,37.97408,False,False,3.0,medium
Maldives,2022,10570.0,524106.0,300.0,34.845,False,False,0.0,small
Mali,2022,1000.0,23072640.0,1240190.0,92.49697,False,False,7.0,medium
Malta,2022,34840.0,531113.0,320.0,0.0375,True,False,0.0,small
Marshall Islands,2022,7580.0,40077.0,180.0,2.37518,False,False,0.0,small
Mauritania,2022,2010.0,4875637.0,1030700.0,58.56017,False,False,4.0,small
Mauritius,2022,11830.0,1262523.0,2010.0,48.68591,False,False,0.0,small
Mexico,2022,10730.0,128613117.0,1959142.3,17.6,False,True,3.0,large
Mongolia,2022,4340.0,3433748.0,1564120.0,17.87869,False,False,2.0,small
Montenegro,2022,10410.0,623591.0,13810.0,8.76922,False,False,4.0,small
Morocco,2022,3700.0,37329064.0,446550.0,10.85088,False,False,3.0,medium
Mozambique,2022,500.0,32656246.0,799380.0,54.95891,False,False,6.0,medium
Myanmar,2022,1280.0,53756787.0,676590.0,58.28105,False,False,5.0,large
Namibia,2022,4280.0,2889662.0,824290.0,41.4,False,False,4.0,small
Nauru,2022,22570.0,11801.0,20.0,0.59734,True,False,0.0,small
Nepal,2022,1380.0,29715436.0,147180.0,40.05521,False,False,2.0,medium
Netherlands,2022,62110.0,17700982.0,41540.0,0.0,True,False,2.0,medium
New Caledonia,2022,36980.0,287123.0,18580.0,0.25,True,False,0.0,small
New Zealand,2022,49160.0,5081700.0,267710.0,0.0,True,False,0.0,small
Niger,2022,600.0,25311973.0,1267000.0,70.44397,False,False,7.0,medium
Nigeria,2022,2930.0,223150896.0,923770.0,48.49726,False,False,4.0,large
North Macedonia,2022,7570.0,1831712.0,25710.0,0.27796,False,False,4.0,small
Norway,2022,94290.0,5457127.0,624500.0,0.0,True,True,3.0,small
Oman,2022,19270.0,4730226.0,309500.0,0.0,True,False,3.0,small
Pakistan,2022,1510.0,243700667.0,796100.0,55.97371,False,False,4.0,large
Palau,2022,14100.0,17759.0,460.0,0.61832,True,False,0.0,small
Panama,2022,17020.0,4400773.0,75320.0,16.3,True,True,2.0,small
Papua New Guinea,2022,2690.0,10203169.0,462840.0,22.2687,False,False,1.0,medium
Paraguay,2022,5930.0,6760464.0,406752.0,15.1,False,False,3.0,small
Peru,2022,6920.0,33475438.0,1285220.0,45.05797,False,False,5.0,medium
Philippines,2022,4010.0,113964338.0,300000.0,35.874,False,False,0.0,large
Poland,2022,19110.0,36821749.0,312720.0,4.21795,True,False,7.0,medium
Portugal,2022,25880.0,10434332.0,92230.0,0.05897,True,False,1.0,medium
Qatar,2022,71050.0,2657333.0,11490.0,0.0,True,False,1.0,small
Romania,2022,15390.0,19048502.0,238400.0,2.52038,True,False,5.0,medium
Russia,2022,12890.0,144236933.0,17125190.0,2.61887,False,True,14.0,large
Rwanda,2022,940.0,13651030.0,26340.0,38.34923,False,False,4.0,medium
Samoa,2022,4130.0,215261.0,2840.0,34.58533,False,False,0.0,small
Sao Tome And Principe,2022,2430.0,226305.0,960.0,82.39333,False,False,0.0,small
Saudi Arabia,2022,35110.0,32175224.0,2149690.0,0.55,True,False,7.0,medium
Senegal,2022,1600.0,17651103.0,196710.0,46.41165,False,False,5.0,medium
Serbia,2022,9790.0,6664449.0,84990.0,1.41509,False,False,8.0,small
Seychelles,2022,14700.0,119878.0,460.0,48.68591,True,False,0.0,small
Sierra Leone,2022,920.0,8276807.0,72300.0,49.27874,False,False,2.0,small
Singapore,2022,66910.0,5637022.0,728.0,0.0,True,False,0.0,small
Slovakia,2022,21890.0,5431752.0,49030.0,0.06602,True,False,5.0,small
Slovenia,2022,29590.0,2112076.0,20480.0,0.52712,True,False,4.0,small
Solomon Islands,2022,2010.0,781066.0,28900.0,1.94965,False,False,0.0,small
Somalia,2022,570.0,17801897.0,637660.0,48.68591,False,False,3.0,medium
South Africa,2022,6530.0,62378410.0,1219090.0,24.2,False,True,6.0,large
Spain,2022,32690.0,47786102.0,505978.281,0.04603,True,False,5.0,large
Sri Lanka,2022,3620.0,22181000.0,65610.0,44.6899,False,False,0.0,medium
St. Lucia,2022,11740.0,178781.0,620.0,0.44067,False,False,0.0,small
Sudan,2022,720.0,49383346.0,1878000.0,73.7,False,False,7.0,large
Suriname,2022,5040.0,623164.0,163820.0,15.80035,False,False,3.0,small
Sweden,2022,61920.0,10486941.0,528860.0,0.3362,True,False,2.0,medium
Switzerland,2022,95600.0,8777088.0,41290.7,0.0,True,False,5.0,medium
Syria,2022,710.0,22462173.0,185180.0,41.12579,False,False,5.0,medium
Tanzania,2022,1210.0,64711821.0,947300.0,70.08585,False,False,8.0,large
Timor-Leste,2022,1820.0,1369295.0,14870.0,33.92051,False,True,1.0,small
Togo,2022,1000.0,9089738.0,56790.0,38.46053,False,False,3.0,medium
Tonga,2022,5390.0,105042.0,750.0,0.30753,False,False,0.0,small
Trinidad And Tobago,2022,17460.0,1365805.0,5130.0,8.62727,True,False,0.0,small
Tunisia,2022,3890.0,12119334.0,163610.0,7.64301,False,False,2.0,medium
Turkiye,2022,10870.0,84979913.0,785350.0,14.12611,False,False,8.0,large
Turkmenistan,2022,6260.0,7230193.0,491209.0,8.38201,False,False,4.0,small
Turks And Caicos Islands,2022,31590.0,45847.0,950.0,0.6313,True,False,0.0,small
Tuvalu,2022,8100.0,9992.0,30.0,50.89943,False,False,0.0,small
Uganda,2022,930.0,47312719.0,241550.0,52.68098,False,False,5.0,large
United Arab Emirates,2022,46990.0,10074977.0,98647.9,0.11325,True,False,2.0,medium
United Kingdom,2022,49720.0,67604000.0,243610.0,0.1625,True,False,1.0,large
United States,2022,77330.0,334017321.0,9831510.0,0.09318,True,False,0.0,large
Uruguay,2022,17970.0,3390913.0,176220.0,1.3,True,False,2.0,small
Uzbekistan,2022,2500.0,34938955.0,448924.0,7.1,False,False,5.0,medium
Vanuatu,2022,3830.0,313046.0,12190.0,3.064,False,False,0.0,small
Venezuela,2022,2260.0,28213017.0,912050.0,25.7,False,False,3.0,medium
Vietnam,2022,3980.0,99680655.0,331340.0,32.5,False,False,3.0,large
Zambia,2022,1170.0,20152938.0,752610.0,48.25813,False,False,8.0,medium
Zimbabwe,2022,2580.0,16069056.0,390760.0,54.88268,False,False,4.0,medium
